word,count,label
promising,5,Up
biotech,3,Up
stock,149,Up
consider,4,Up
july,37,Up
best,16,Up
travel,2,Up
worth,7,Up
watching,3,Up
cap,2,Up
follow,10,Up
bailard,10,Up
buy,57,Up
share,204,Up
axon,2,Up
enterprise,4,Up
nasdaqaxon,2,Up
airline,8,Up
trump,133,Up
tax,4,Up
law,12,Up
reshape,1,Up
benefit,3,Up
end,11,Up
magnificent,1,Up
bos,3,Up
stop,1,Up
flatter,1,Up
worker,3,Up
leadership,4,Up
expertit,1,Up
doesnt,2,Up
verkkokauppacom,2,Up
oyj,2,Up
manager,4,Up
transaction,3,Up
nina,1,Up
anttila,1,Up
separate,2,Up
successful,1,Up
pack,2,Up
come,6,Up
oneonones,1,Up
today,14,Up
quordle,1,Up
hint,2,Up
answer,10,Up
pekka,1,Up
litmanen,1,Up
signal,1,Up
rally,2,Up
momentum,2,Up
waning,1,Up
bloomberg,1,Up
behind,2,Up
financial,97,Up
planner,3,Up
guide,6,Up
family,6,Up
wealth,50,Up
discussion,1,Up
prediction,4,Up
annaly,1,Up
capital,83,Up
budget,2,Up
gaming,1,Up
phone,2,Up
built,3,Up
speed,3,Up
pick,3,Up
autohome,1,Up
interim,1,Up
massachusetts,13,Up
service,34,Up
sell,58,Up
quidelortho,2,Up
nasdaqqdel,2,Up
sbi,4,Up
security,18,Up
purchase,32,Up
fabrinet,1,Up
nysefn,1,Up
apollon,4,Up
management,95,Up
acquires,26,Up
franklin,3,Up
bsp,1,Up
realty,3,Up
trust,8,Up
nysefbrt,1,Up
royal,2,Up
gold,7,Up
nasdaqrgld,1,Up
bitcoin,3,Up
miner,1,Up
iren,1,Up
surge,4,Up
sotp,1,Up
valuation,1,Up
peg,1,Up
target,23,Up
hedge,2,Up
fund,15,Up
eric,2,Up
jackson,2,Up
cooking,1,Up
gas,2,Up
watch,4,Up
monday,4,Up
verizon,4,Up
stellantis,1,Up
block,5,Up
got,6,Up
seat,3,Up
flight,8,Up
next,7,Up
stranger,2,Up
theyve,3,Up
married,2,Up
zwsoft,1,Up
zwcad,1,Up
flex,1,Up
canada,8,Up
powerful,1,Up
cad,1,Up
performance,8,Up
meet,1,Up
purchasing,1,Up
flexibility,1,Up
cwm,4,Up
grows,14,Up
lamar,1,Up
advertising,1,Up
company,52,Up
nasdaqlamr,1,Up
chinese,2,Up
add,10,Up
watchlist,4,Up
mineral,3,Up
technology,31,Up
nysemtx,2,Up
ranger,1,Up
energy,16,Up
rngr,1,Up
release,8,Up
earnings,25,Up
hacker,3,Up
exploit,1,Up
microsoft,4,Up
software,6,Up
vulnerability,1,Up
reportedly,1,Up
government,10,Up
businesseswhat,1,Up
take,18,Up
millrose,1,Up
property,6,Up
nysemrp,1,Up
acuity,1,Up
nyseayi,1,Up
purchased,18,Up
decrease,7,Up
select,2,Up
water,2,Up
solution,10,Up
nysewttr,1,Up
louisiana,1,Up
employee,4,Up
retirement,1,Up
system,8,Up
apogee,1,Up
nasdaqapog,1,Up
signaturefd,3,Up
lower,10,Up
holding,78,Up
interpublic,1,Up
nyseipg,1,Up
envestnet,2,Up
asset,35,Up
yeti,2,Up
nyseyeti,2,Up
protagonist,1,Up
therapeutic,4,Up
nasdaqptgx,1,Up
sold,33,Up
immunitybio,1,Up
nasdaqibrx,1,Up
zurn,1,Up
elkay,1,Up
cor,1,Up
nysezws,1,Up
reynolds,1,Up
consumer,2,Up
product,4,Up
nasdaqreyn,1,Up
spdr,4,Up
etf,58,Up
nysearcaxbi,1,Up
edgestream,2,Up
partner,47,Up
traveler,3,Up
nysetrv,2,Up
fluor,1,Up
nyseflr,1,Up
bancorp,8,Up
nasdaqstba,1,Up
rating,39,Up
increased,9,Up
wall,44,Up
street,54,Up
zen,32,Up
buywrite,1,Up
income,7,Up
nasdaqfthi,1,Up
copa,1,Up
nysecpa,1,Up
boosted,3,Up
cemex,1,Up
nysecx,1,Up
cut,32,Up
american,47,Up
nyseaat,1,Up
upgraded,15,Up
kiniksa,1,Up
pharmaceutical,5,Up
international,20,Up
nasdaqknsa,1,Up
annuity,1,Up
life,17,Up
nysefg,1,Up
brookdale,2,Up
senior,4,Up
living,8,Up
nysebkd,2,Up
downgraded,7,Up
westlake,2,Up
nysewlk,1,Up
consensus,7,Up
moderate,6,Up
brokerage,10,Up
upland,2,Up
nasdaqupld,2,Up
raise,17,Up
strongbuy,2,Up
dxc,2,Up
nysedxc,2,Up
coupang,2,Up
nysecpng,2,Up
lowered,13,Up
business,25,Up
summarybrief,13,Up
rincon,1,Up
broadcasting,1,Up
local,3,Up
station,3,Up
imagicomm,1,Up
rep,13,Up
jonathan,1,Up
machine,6,Up
nyseibm,5,Up
grupo,1,Up
aeroportuario,1,Up
del,1,Up
pacifico,1,Up
nysepac,1,Up
infineon,1,Up
otcmktsifnny,1,Up
kennedywilson,1,Up
nysekw,1,Up
neumora,1,Up
nasdaqnmra,1,Up
receives,12,Up
analyst,16,Up
insteel,1,Up
industry,11,Up
nyseiiin,1,Up
world,6,Up
mostly,5,Up
gain,5,Up
log,3,Up
straight,3,Up
winning,4,Up
telus,2,Up
digital,3,Up
nysetixt,2,Up
nuveen,2,Up
churchill,2,Up
direct,2,Up
lending,3,Up
nysencdl,2,Up
orange,4,Up
otcmktsorany,2,Up
downgrade,1,Up
irsa,2,Up
inversiones,2,Up
representaciones,2,Up
nyseirs,2,Up
vista,3,Up
nysevist,2,Up
start,9,Up
upside,2,Up
investor,17,Up
weigh,4,Up
tariff,44,Up
threat,1,Up
green,6,Up
nyseslg,1,Up
price,42,Up
raised,8,Up
karen,1,Up
kwan,1,Up
aritzia,1,Up
tseatz,1,Up
nexxen,2,Up
nasdaqnexn,2,Up
david,3,Up
watson,5,Up
apellis,1,Up
nasdaqapls,1,Up
victory,9,Up
sally,1,Up
beauty,1,Up
nysesbh,1,Up
larson,6,Up
centerpoint,2,Up
nysecnp,2,Up
reddit,1,Up
nyserddt,1,Up
highwoods,2,Up
nysehiw,2,Up
hit,8,Up
sharepoint,1,Up
attack,5,Up
version,1,Up
vulnerable,1,Up
vaneck,2,Up
oil,4,Up
nysearcaoih,1,Up
netapp,2,Up
nasdaqntap,2,Up
biotechne,1,Up
nasdaqtech,1,Up
neurogene,1,Up
nasdaqngne,1,Up
survey,4,Up
hormel,2,Up
food,11,Up
nysehrl,2,Up
versus,6,Up
china,10,Up
marine,4,Up
otcmktscmfo,2,Up
head,19,Up
sentinelone,1,Up
nyse,1,Up
bought,8,Up
sigma,2,Up
planning,4,Up
jpmorgan,7,Up
chase,6,Up
nysejpm,2,Up
cohen,3,Up
invesco,5,Up
rafi,1,Up
smallmid,1,Up
nasdaqprfz,1,Up
ppl,1,Up
nyseppl,1,Up
illumina,3,Up
nasdaqilmn,3,Up
visa,4,Up
nysev,4,Up
altman,1,Up
push,4,Up
democratize,1,Up
economic,2,Up
blue,3,Up
chip,2,Up
doj,4,Up
request,1,Up
voter,2,Up
data,7,Up
swing,2,Up
concern,4,Up
among,1,Up
election,6,Up
expert,5,Up
malcolmjamal,3,Up
warner,3,Up
cosby,3,Up
star,5,Up
costa,1,Up
rica,1,Up
drowning,2,Up
vladimir,2,Up
tenev,1,Up
robinhood,1,Up
market,15,Up
nasdaqhood,1,Up
insider,7,Up
selling,4,Up
garrett,1,Up
motion,1,Up
nysegtx,1,Up
major,5,Up
shareholder,9,Up
keith,1,Up
goldan,1,Up
syndax,1,Up
nasdaqsndx,1,Up
sintana,1,Up
cvesei,1,Up
director,2,Up
ford,3,Up
nysef,2,Up
nysepfgc,1,Up
echostar,1,Up
nasdaqsats,1,Up
recommendation,6,Up
tjx,1,Up
nysetjx,1,Up
average,7,Up
zevra,1,Up
nasdaqzvra,1,Up
internet,2,Up
initiative,2,Up
japan,30,Up
otcmktsiijiy,1,Up
ofg,1,Up
nyseofg,1,Up
syrian,2,Up
evacuating,1,Up
bedouin,1,Up
sweida,1,Up
getting,1,Up
antivaxxers,1,Up
roll,2,Up
sleeve,1,Up
akamai,2,Up
nasdaqakam,2,Up
yum,1,Up
brand,4,Up
nyseyum,1,Up
reviewing,2,Up
envoy,1,Up
double,2,Up
support,7,Up
syria,2,Up
criticizes,2,Up
israel,2,Up
intervention,1,Up
nysects,1,Up
parliament,2,Up
seating,3,Up
chart,2,Up
labor,4,Up
shifted,1,Up
tectonic,1,Up
plate,1,Up
federal,33,Up
politics,1,Up
mbta,1,Up
overtime,1,Up
cullen,8,Up
frost,9,Up
banker,10,Up
invests,11,Up
sea,2,Up
limited,9,Up
sponsored,2,Up
adr,2,Up
nysese,2,Up
howmet,1,Up
aerospace,4,Up
nysehwm,1,Up
safehold,1,Up
nysesafe,1,Up
thomson,1,Up
reuters,1,Up
nysetri,1,Up
ishares,18,Up
core,6,Up
usd,1,Up
bond,7,Up
nasdaqistb,1,Up
acquired,13,Up
apollo,1,Up
global,12,Up
nyseapo,1,Up
fortis,2,Up
nysefts,2,Up
costar,1,Up
nasdaqcsgp,1,Up
verdence,13,Up
advisor,50,Up
boost,13,Up
russell,2,Up
midcap,4,Up
value,6,Up
nysearcaiws,1,Up
stake,38,Up
schwab,5,Up
nysearcaschm,2,Up
medpace,3,Up
nasdaqmedp,3,Up
teck,1,Up
resource,5,Up
nyseteck,1,Up
hillenbrand,1,Up
nysehi,1,Up
goldman,2,Up
sachs,2,Up
bdc,1,Up
nysegsbd,1,Up
nysearcaive,1,Up
tetra,3,Up
tech,5,Up
nasdaqttek,3,Up
walk,2,Up
louvre,1,Up
guggenheim,1,Up
art,3,Up
district,4,Up
councilor,1,Up
boston,4,Up
mass,3,Up
drug,4,Up
crisis,3,Up
worsening,1,Up
rat,1,Up
infestation,1,Up
nysetgt,1,Up
universal,9,Up
insurance,5,Up
nyseuve,1,Up
agilent,1,Up
nysea,1,Up
axos,1,Up
nyseax,1,Up
dutch,1,Up
bros,1,Up
nysebros,1,Up
millerknoll,1,Up
nasdaqmlkn,1,Up
umh,1,Up
nyseumh,1,Up
mach,1,Up
natural,5,Up
nysemnr,1,Up
dollar,6,Up
tree,1,Up
nasdaqdltr,1,Up
charter,1,Up
communication,8,Up
nasdaqchtr,1,Up
increase,17,Up
electronic,2,Up
nasdaqea,2,Up
airbnb,1,Up
nasdaqabnb,1,Up
rockwell,1,Up
automation,1,Up
nyserok,1,Up
glass,1,Up
nyseoi,1,Up
regret,1,Up
thy,1,Up
name,5,Up
hawley,1,Up
murkowski,1,Up
musk,5,Up
sirius,1,Up
nasdaqsiri,1,Up
wealthfront,9,Up
adviser,11,Up
nysearcaiwm,1,Up
chemours,1,Up
nysecc,1,Up
loan,7,Up
nasdaqftsl,1,Up
ast,1,Up
spacemobile,1,Up
nasdaqasts,1,Up
pvh,1,Up
nysepvh,1,Up
emerging,2,Up
nysearcaemqq,1,Up
nasdaqffiv,1,Up
invitation,1,Up
nyseinvh,1,Up
avantis,1,Up
equity,9,Up
nysearcaavem,1,Up
texas,8,Up
republican,6,Up
redraw,1,Up
congressional,4,Up
special,5,Up
session,3,Up
inside,2,Up
idaho,6,Up
maximum,2,Up
prison,3,Up
bryan,7,Up
kohberger,7,Up
spend,2,Up
rest,1,Up
expect,4,Up
harvard,2,Up
administration,14,Up
court,36,Up
vances,3,Up
marco,2,Up
rubios,2,Up
senate,8,Up
successor,2,Up
avoid,5,Up
gop,14,Up
primary,2,Up
drama,2,Up
independent,5,Up
nyc,4,Up
must,2,Up
count,1,Up
pakistan,1,Up
moving,6,Up
join,1,Up
abraham,2,Up
wary,1,Up
democratic,2,Up
establishment,1,Up
keeping,2,Up
york,5,Up
mamdani,3,Up
arm,1,Up
length,1,Up
gameplanning,1,Up
midterm,2,Up
chatbots,1,Up
cocreating,1,Up
matrix,1,Up
unreality,1,Up
staring,1,Up
contest,2,Up
lava,1,Up
heron,1,Up
san,3,Up
cristobal,1,Up
island,2,Up
investment,21,Up
pagaya,1,Up
nasdaqpgy,1,Up
vernova,4,Up
nysegev,1,Up
philip,3,Up
morris,3,Up
nysepm,3,Up
improvement,2,Up
research,6,Up
angiodynamics,1,Up
nasdaqango,1,Up
ecommerce,1,Up
battery,4,Up
nanotechnology,1,Up
syros,1,Up
nasdaqsyrs,1,Up
vanguard,14,Up
nysearcavtv,3,Up
arcus,1,Up
bioscience,2,Up
nysercus,1,Up
anika,1,Up
nasdaqanik,1,Up
matson,1,Up
suspends,1,Up
electric,3,Up
vehicle,5,Up
shipment,1,Up
fire,4,Up
pure,1,Up
fuel,3,Up
partnershipsoverretail,1,Up
strategy,7,Up
sleeper,1,Up
dividend,27,Up
massive,2,Up
builder,1,Up
mortgage,3,Up
aid,4,Up
contributing,1,Up
higher,8,Up
morgan,4,Up
stanley,4,Up
notice,1,Up
general,5,Up
meeting,5,Up
auga,1,Up
entity,1,Up
restructuring,2,Up
august,9,Up
approve,28,Up
draft,1,Up
gries,3,Up
procter,5,Up
gamble,5,Up
nysepg,5,Up
growth,9,Up
nysearcavug,1,Up
set,11,Up
high,14,Up
nysearcavoo,6,Up
arrow,2,Up
largest,2,Up
bristol,3,Up
myers,3,Up
squibb,3,Up
nysebmy,3,Up
yield,7,Up
pressure,3,Up
obama,3,Up
foundation,5,Up
outgoing,2,Up
president,6,Up
board,1,Up
opendoor,2,Up
skyrocketing,1,Up
investopedia,1,Up
jpm,1,Up
crowding,1,Up
lends,1,Up
risk,3,Up
involved,1,Up
nucleus,1,Up
steve,6,Up
carter,2,Up
named,1,Up
innovator,2,Up
hydrograph,1,Up
compounding,1,Up
program,4,Up
expand,3,Up
grapheneenhanced,1,Up
thermoplastic,1,Up
klp,18,Up
deny,1,Up
claim,14,Up
civil,2,Up
lawsuit,12,Up
filed,3,Up
lighting,1,Up
precinct,1,Up
reject,1,Up
cornerstone,1,Up
quarterly,14,Up
report,26,Up
june,2,Up
deutsche,1,Up
bank,27,Up
aktiengesellschaft,1,Up
express,3,Up
nyseaxp,2,Up
treasure,3,Up
coast,4,Up
costco,6,Up
wholesale,6,Up
nasdaqcost,6,Up
tabor,2,Up
trimmed,1,Up
crestwood,1,Up
able,3,Up
donation,4,Up
firstenergy,3,Up
rosen,2,Up
firm,7,Up
encourages,2,Up
vera,1,Up
bradley,1,Up
inquire,1,Up
class,7,Up
action,18,Up
investigation,24,Up
vra,1,Up
ripple,1,Up
xrp,2,Up
trader,2,Up
month,1,Up
hii,1,Up
summer,4,Up
intern,2,Up
case,9,Up
present,1,Up
finding,2,Up
samsung,3,Up
galaxy,1,Up
wearable,1,Up
wnba,1,Up
allstar,1,Up
player,2,Up
pay,5,Up
move,9,Up
began,1,Up
shirt,1,Up
sign,4,Up
pulse,1,Up
suggests,9,Up
rising,1,Up
ethic,2,Up
problem,4,Up
organizational,1,Up
gaslighting,1,Up
smart,2,Up
cnbc,6,Up
open,5,Up
dismiss,1,Up
beef,3,Up
fed,19,Up
delta,2,Up
plane,2,Up
minneapolis,1,Up
avoids,1,Up
collision,1,Up
bomber,1,Up
iran,3,Up
sends,3,Up
rocket,3,Up
designed,6,Up
carry,2,Up
satellite,2,Up
suborbital,2,Up
test,4,Up
wex,1,Up
tap,2,Up
faster,2,Up
fsa,1,Up
reimbursement,1,Up
biogen,3,Up
bet,2,Up
expansion,1,Up
manufacturing,4,Up
retail,3,Up
speculation,1,Up
vengeance,1,Up
heat,2,Up
pump,1,Up
rise,6,Up
significantly,1,Up
connection,2,Up
innovative,1,Up
achievement,1,Up
award,9,Up
care,4,Up
weekly,1,Up
update,8,Up
metlife,1,Up
met,1,Up
hazlett,4,Up
burt,4,Up
nysearcaschd,2,Up
salesforce,8,Up
nysecrm,8,Up
verus,1,Up
western,2,Up
montana,1,Up
mental,2,Up
health,16,Up
center,8,Up
wmmhc,1,Up
breach,2,Up
expose,1,Up
personal,2,Up
information,2,Up
murphy,1,Up
investigates,5,Up
legal,8,Up
appeal,6,Up
order,5,Up
trial,10,Up
man,8,Up
convicted,4,Up
etan,2,Up
patz,2,Up
animal,1,Up
science,4,Up
expertise,1,Up
honored,1,Up
conference,2,Up
insurer,2,Up
file,24,Up
justin,2,Up
baldonis,2,Up
fee,1,Up
jonas,1,Up
brother,1,Up
portion,1,Up
music,3,Up
catalog,1,Up
dad,1,Up
dont,7,Up
anybody,1,Up
love,2,Up
silicon,1,Up
lab,3,Up
announces,28,Up
webcast,1,Up
review,3,Up
nysege,2,Up
northrop,2,Up
grumman,2,Up
nysenoc,2,Up
van,4,Up
strum,3,Up
towne,3,Up
mcdonalds,2,Up
nysemcd,1,Up
analyzing,4,Up
storage,2,Up
computer,1,Up
otcmktssoso,1,Up
teradata,1,Up
nysetdc,1,Up
crh,2,Up
rival,3,Up
gauzy,1,Up
nasdaqgauz,1,Up
kla,1,Up
nasdaqklac,1,Up
comparison,5,Up
netflix,2,Up
nasdaqnflx,2,Up
lewis,4,Up
replimune,1,Up
nasdaqrepl,1,Up
large,1,Up
volume,3,Up
pacific,4,Up
abbott,1,Up
laboratory,1,Up
nyseabt,1,Up
walker,1,Up
dunlop,1,Up
nysewd,1,Up
nyserkt,1,Up
headtohead,6,Up
zegona,1,Up
lonzeg,1,Up
following,1,Up
upgrade,3,Up
dwave,1,Up
quantum,3,Up
trading,8,Up
whats,5,Up
rogers,5,Up
returning,5,Up
bargaining,2,Up
table,2,Up
tomorrow,2,Up
usw,2,Up
call,12,Up
real,4,Up
fair,3,Up
southwest,2,Up
date,2,Up
assigned,2,Up
cnn,2,Up
democrat,6,Up
try,4,Up
dissect,1,Up
autopsy,1,Up
theyre,2,Up
riddled,1,Up
disease,1,Up
trim,5,Up
nike,1,Up
nysenke,1,Up
pepsico,3,Up
nasdaqpep,2,Up
nysearcaivv,3,Up
integrity,2,Up
unit,1,Up
apartment,2,Up
proposed,3,Up
virginia,3,Up
ave,2,Up
hollywood,2,Up
astronomer,2,Up
ceo,8,Up
kiss,1,Up
cam,1,Up
controversy,1,Up
sparked,1,Up
ouster,1,Up
whataburger,1,Up
saddle,1,Up
bacon,1,Up
wrangler,1,Up
burger,1,Up
bold,3,Up
lone,1,Up
ranked,1,Up
leading,1,Up
petco,1,Up
wellness,1,Up
secure,4,Up
counsel,2,Up
important,2,Up
deadline,3,Up
woof,1,Up
critical,6,Up
finwise,1,Up
nasdaqfinw,1,Up
bancshares,2,Up
nasdaqtcbi,1,Up
kuehne,2,Up
nagel,2,Up
khngy,2,Up
competitor,6,Up
walmart,5,Up
nysewmt,4,Up
comparing,3,Up
rayonier,2,Up
advanced,2,Up
material,2,Up
nyseryam,2,Up
suzano,2,Up
nysesuz,2,Up
osisko,2,Up
mining,5,Up
otcmktsobnnf,1,Up
aris,1,Up
nysearmn,1,Up
elme,1,Up
community,8,Up
nyseelme,1,Up
sun,1,Up
nysesui,1,Up
marinemax,1,Up
hzo,1,Up
analysis,6,Up
contrasting,5,Up
williamssonoma,1,Up
wsm,1,Up
oneascent,1,Up
ivanhoe,2,Up
mine,2,Up
ivpaf,2,Up
senstar,2,Up
nasdaqsnt,2,Up
applied,2,Up
dna,2,Up
nasdaqapdn,2,Up
cisco,2,Up
nasdaqcsco,1,Up
unifirst,1,Up
nyseunf,1,Up
vestis,1,Up
nysevsts,1,Up
virgin,1,Up
galactic,1,Up
nysespce,1,Up
safran,1,Up
otcmktssafry,1,Up
contrast,6,Up
amazon,2,Up
ups,2,Up
game,1,Up
qubit,1,Up
qpu,1,Up
eye,4,Up
commercial,4,Up
future,10,Up
perception,1,Up
pulled,1,Up
react,1,Up
alive,2,Up
cfrs,1,Up
patterson,1,Up
skip,1,Up
brittenham,1,Up
lawyer,5,Up
pricing,3,Up
cash,4,Up
tender,1,Up
offer,6,Up
canadian,7,Up
debt,1,Up
gilbert,4,Up
ray,3,Up
cisneros,3,Up
prologis,2,Up
nysepld,2,Up
robert,3,Up
bresnahan,3,Up
arista,2,Up
network,3,Up
nyseanet,2,Up
okta,2,Up
nasdaqokta,2,Up
aire,1,Up
abbvie,4,Up
nyseabbv,4,Up
lauterbach,1,Up
minnesota,8,Up
lawmaker,4,Up
resign,1,Up
felony,1,Up
burglary,1,Up
link,2,Up
burn,2,Up
pit,1,Up
smoke,1,Up
serious,1,Up
brain,1,Up
injury,2,Up
megabills,2,Up
final,3,Up
score,2,Up
red,5,Up
ink,2,Up
kicked,2,Up
cbo,2,Up
wade,1,Up
murder,1,Up
demand,6,Up
explanation,1,Up
sentencing,4,Up
hearing,8,Up
exkentucky,1,Up
officer,8,Up
breonna,3,Up
taylor,3,Up
raid,2,Up
gev,1,Up
peer,2,Up
dimension,2,Up
cocacola,2,Up
nyseko,1,Up
team,6,Up
throw,1,Up
mayor,4,Up
adam,1,Up
bus,2,Up
public,8,Up
deserves,2,Up
dcfs,1,Up
withholds,1,Up
detail,1,Up
illinois,1,Up
girl,1,Up
death,8,Up
miller,2,Up
maine,4,Up
brace,3,Up
disaster,3,Up
opinion,5,Up
hunter,10,Up
biden,9,Up
george,1,Up
clooney,1,Up
everybody,1,Up
around,2,Up
activeduty,1,Up
leaving,3,Up
los,6,Up
angeles,6,Up
pentagon,2,Up
confirms,1,Up
encountering,1,Up
bear,1,Up
trail,4,Up
yieldmax,1,Up
ultra,3,Up
option,2,Up
nysearcaulty,1,Up
strong,4,Up
cosan,1,Up
csan,1,Up
rollins,1,Up
nyserol,1,Up
limbach,1,Up
nasdaqlmb,1,Up
bruker,1,Up
nasdaqbrkr,1,Up
gap,2,Up
irobot,1,Up
nasdaqirbt,1,Up
robogroup,1,Up
tek,1,Up
otcmktsrobof,1,Up
srh,1,Up
charles,1,Up
nyseschw,1,Up
pfizer,1,Up
nysepfe,1,Up
limoneira,1,Up
nasdaqlmnr,1,Up
forafric,1,Up
nasdaqafri,1,Up
samsonite,1,Up
smsey,1,Up
unloaded,4,Up
travis,1,Up
county,13,Up
commissioner,2,Up
margaret,1,Up
gomez,1,Up
retire,1,Up
resecurity,1,Up
braly,1,Up
strategic,6,Up
partnership,4,Up
drive,1,Up
innovation,4,Up
cybersecurity,1,Up
npr,3,Up
generally,1,Up
unbiased,2,Up
propaganda,2,Up
provide,1,Up
democracy,3,Up
returned,1,Up
ukraine,4,Up
frontlines,1,Up
saw,1,Up
judge,14,Up
weighs,6,Up
reality,8,Up
ideological,6,Up
deportation,6,Up
policy,7,Up
activist,8,Up
crackdown,6,Up
metaverse,1,Up
lowering,1,Up
voting,1,Up
age,3,Up
young,3,Up
people,17,Up
likely,1,Up
owner,3,Up
paramount,1,Up
pledge,3,Up
snuff,1,Up
bias,3,Up
cbs,4,Up
fcc,3,Up
news,10,Up
practice,1,Up
journalism,1,Up
julio,1,Up
rosa,1,Up
wallop,1,Up
whining,1,Up
illegals,1,Up
cleaning,1,Up
toilet,1,Up
day,8,Up
niagara,1,Up
fall,4,Up
ran,1,Up
dry,1,Up
looked,1,Up
highpoint,4,Up
johnson,23,Up
nysejnj,6,Up
uber,1,Up
nyseuber,1,Up
hotel,2,Up
america,24,Up
nysebac,4,Up
peterson,2,Up
medium,4,Up
nysevz,2,Up
beat,3,Up
expectation,1,Up
eps,4,Up
exxon,3,Up
mobil,3,Up
nysexom,3,Up
braskem,1,Up
nysebak,1,Up
decreased,3,Up
peregrine,1,Up
viral,2,Up
defunded,1,Up
mark,1,Up
herr,1,Up
issue,6,Up
statement,1,Up
regarding,1,Up
anne,1,Up
pramaggiore,1,Up
mastercard,1,Up
incorporated,1,Up
nysema,1,Up
indian,3,Up
great,1,Up
ago,2,Up
tried,1,Up
cleveland,1,Up
ambien,7,Up
contributed,6,Up
joe,7,Up
bidens,6,Up
poor,8,Up
debate,7,Up
reduces,6,Up
depot,4,Up
nysehd,4,Up
cole,1,Up
oracle,3,Up
nyseorcl,2,Up
argues,1,Up
admins,1,Up
funding,13,Up
freeze,1,Up
generation,2,Up
asxfgg,1,Up
geoff,1,Up
wilson,1,Up
boral,1,Up
reiterates,1,Up
biomea,1,Up
fusion,1,Up
nasdaqbmea,1,Up
pepsi,1,Up
betting,1,Up
popular,1,Up
trend,2,Up
drink,2,Up
soda,1,Up
golden,3,Up
letter,24,Up
epstein,40,Up
ghost,1,Up
haunting,1,Up
enemy,1,Up
summon,1,Up
sport,4,Up
fan,2,Up
expensive,2,Up
fargo,2,Up
nysewfc,1,Up
environmentalist,1,Up
halt,2,Up
alligator,1,Up
alcatraz,1,Up
florida,6,Up
job,2,Up
actor,1,Up
starred,1,Up
theo,1,Up
dead,4,Up
kim,1,Up
draw,1,Up
another,3,Up
challenger,2,Up
california,9,Up
caterpillar,5,Up
nysecat,5,Up
lockheed,4,Up
martin,5,Up
nyselmt,2,Up
house,28,Up
majority,1,Up
shrink,1,Up
dhs,2,Up
video,6,Up
showing,3,Up
attempted,1,Up
robbery,1,Up
offduty,1,Up
dare,2,Up
host,2,Up
webinar,1,Up
playtm,1,Up
difference,1,Up
winch,1,Up
advisory,5,Up
clinton,1,Up
email,1,Up
omitted,1,Up
crucial,2,Up
piece,1,Up
evidence,1,Up
declassified,2,Up
find,12,Up
sei,1,Up
nasdaqseie,1,Up
hydrofarm,1,Up
nasdaqhyfm,1,Up
bio,1,Up
otcmktsonbi,1,Up
concord,1,Up
medical,3,Up
nyseccm,1,Up
dynex,1,Up
monthly,3,Up
sector,3,Up
guess,1,Up
stand,2,Up
stockpile,1,Up
reveals,4,Up
taking,1,Up
newspaper,1,Up
flower,1,Up
flo,1,Up
reliable,1,Up
meme,2,Up
coin,3,Up
list,6,Up
flipped,1,Up
balloon,1,Up
cat,2,Up
presale,1,Up
blast,3,Up
past,1,Up
stage,2,Up
offering,3,Up
become,3,Up
publicly,1,Up
traded,1,Up
variety,1,Up
transfer,1,Up
rare,4,Up
keycorps,1,Up
history,2,Up
europe,2,Up
trade,10,Up
bazooka,2,Up
resort,4,Up
accounting,2,Up
quickbooks,1,Up
recognized,1,Up
better,3,Up
advice,1,Up
break,1,Up
success,1,Up
bell,1,Up
expects,1,Up
tripadvisor,1,Up
toprated,1,Up
experience,1,Up
worldwide,2,Up
choice,3,Up
gabbards,4,Up
russian,2,Up
interference,3,Up
directly,2,Up
contradict,2,Up
explores,1,Up
client,2,Up
cryptocurrency,2,Up
competition,4,Up
underrated,1,Up
apps,1,Up
download,1,Up
hay,1,Up
testing,1,Up
baptist,1,Up
adoption,3,Up
growing,3,Up
scaling,1,Up
lagging,1,Up
exxons,1,Up
xom,1,Up
safe,2,Up
halal,9,Up
sale,3,Up
hyundai,1,Up
robotics,1,Up
triumph,2,Up
dot,2,Up
design,3,Up
concept,2,Up
visionary,1,Up
clout,2,Up
war,15,Up
jensen,2,Up
huang,2,Up
eclipse,2,Up
elon,3,Up
tim,2,Up
cook,3,Up
washington,3,Up
kia,1,Up
honor,2,Up
wkndr,1,Up
cocacolas,1,Up
reliability,1,Up
ethical,11,Up
france,1,Up
nuclear,1,Up
hydropower,2,Up
led,2,Up
electricity,1,Up
export,3,Up
chevron,1,Up
cvx,1,Up
longterm,1,Up
portfolio,4,Up
advising,1,Up
bnsf,1,Up
potential,1,Up
merger,3,Up
pep,1,Up
begin,2,Up
construction,3,Up
dam,1,Up
instrument,1,Up
txn,1,Up
techsavvy,1,Up
philippine,3,Up
buyer,4,Up
unsure,1,Up
absorb,1,Up
cost,3,Up
association,2,Up
justice,5,Up
mother,3,Up
speaks,3,Up
gamestop,1,Up
alphabet,10,Up
radar,1,Up
medtronics,1,Up
mdt,1,Up
role,2,Up
device,2,Up
unique,1,Up
fit,1,Up
tgt,1,Up
shariahconscious,1,Up
kenvue,1,Up
kvue,1,Up
adding,1,Up
treasury,2,Up
creep,1,Up
await,1,Up
chair,8,Up
powell,5,Up
speech,2,Up
pool,3,Up
across,6,Up
recall,5,Up
evaluating,1,Up
syscos,1,Up
syy,1,Up
investing,2,Up
kimberlyclarks,1,Up
kmb,1,Up
stability,1,Up
taiwan,2,Up
unprecedented,2,Up
military,4,Up
drill,2,Up
halper,3,Up
sadeh,3,Up
sptn,1,Up
turn,2,Up
strm,1,Up
behalf,3,Up
archerdanielsmidland,1,Up
gen,1,Up
religion,1,Up
vbtx,1,Up
hmst,1,Up
vrna,1,Up
str,1,Up
regal,2,Up
rexnord,2,Up
declares,6,Up
per,4,Up
kevin,2,Up
oleary,2,Up
focus,2,Up
poop,2,Up
stick,2,Up
looming,2,Up
threatening,1,Up
car,1,Up
single,1,Up
trusted,1,Up
mindblowing,1,Up
milky,1,Up
image,2,Up
captured,1,Up
nasa,1,Up
telescope,1,Up
astrazeneca,2,Up
invest,2,Up
pharma,2,Up
aca,2,Up
marketplace,2,Up
enrollee,2,Up
face,4,Up
subsidy,2,Up
cliff,2,Up
innout,2,Up
deseret,1,Up
slaughtered,1,Up
usbacked,1,Up
regime,1,Up
gta,1,Up
free,3,Up
bravado,1,Up
buffalo,1,Up
evx,1,Up
wine,1,Up
bar,3,Up
coming,4,Up
schenectady,2,Up
pintsized,1,Up
solar,3,Up
masdar,1,Up
deepen,1,Up
landmark,5,Up
azerbaijan,1,Up
mckinney,1,Up
vote,5,Up
marriott,1,Up
craig,3,Up
ranch,1,Up
alaska,1,Up
resume,2,Up
equipment,1,Up
failure,1,Up
ground,2,Up
saratoga,1,Up
spring,1,Up
cannabis,1,Up
dispensary,1,Up
west,2,Up
asia,1,Up
muted,1,Up
whipsaw,1,Up
ishiba,1,Up
loses,1,Up
upper,1,Up
investingcom,1,Up
partially,3,Up
enforcing,2,Up
ban,6,Up
parenthood,4,Up
faraday,1,Up
habittrade,1,Up
accelerate,1,Up
entry,3,Up
web,1,Up
ecosystem,1,Up
denver,1,Up
mike,4,Up
johnston,1,Up
learned,1,Up
hopefulness,1,Up
homelessness,1,Up
housing,7,Up
challenge,4,Up
bethel,1,Up
appoints,2,Up
dean,1,Up
unified,1,Up
school,12,Up
peter,1,Up
thiel,1,Up
effect,2,Up
cathie,1,Up
wood,1,Up
pours,1,Up
bitmine,1,Up
immersion,1,Up
founder,1,Up
backing,1,Up
ethereum,1,Up
spike,1,Up
buzz,1,Up
fda,2,Up
approved,1,Up
moderna,1,Up
covid,2,Up
shot,1,Up
kid,3,Up
kennedy,1,Up
hhs,2,Up
aide,1,Up
fired,2,Up
look,2,Up
away,1,Up
relook,1,Up
kate,1,Up
spade,1,Up
outlet,1,Up
shopper,2,Up
sleek,1,Up
stylish,1,Up
tote,1,Up
bag,2,Up
thats,3,Up
tesla,12,Up
retrofuturistic,1,Up
diner,3,Up
officially,1,Up
location,4,Up
techcrunch,1,Up
affluent,1,Up
pessimistic,1,Up
economy,1,Up
pandemic,1,Up
segway,1,Up
nextgen,1,Up
shared,1,Up
micromobility,1,Up
fleet,1,Up
north,9,Up
extrump,1,Up
judy,1,Up
shelton,1,Up
slam,3,Up
reserve,8,Up
loss,6,Up
violates,1,Up
norm,1,Up
cant,1,Up
hanwha,2,Up
philly,1,Up
shipyard,1,Up
land,3,Up
lng,2,Up
carrier,3,Up
decade,1,Up
affiliate,1,Up
decline,3,Up
affordability,1,Up
dip,2,Up
useu,1,Up
loom,1,Up
chinabacked,1,Up
used,3,Up
flaw,3,Up
defender,2,Up
post,7,Up
kioxia,1,Up
nvme,1,Up
ssd,1,Up
generative,1,Up
environment,2,Up
ted,3,Up
lasso,2,Up
pond,2,Up
season,2,Up
production,5,Up
underway,2,Up
lutnick,1,Up
renegotiate,1,Up
pact,1,Up
mexico,2,Up
farmer,1,Up
downtown,4,Up
forget,2,Up
egg,1,Up
soaring,1,Up
aircraft,1,Up
cal,1,Up
thomas,1,Up
latenight,1,Up
jpo,1,Up
chief,4,Up
air,2,Up
force,4,Up
saying,2,Up
goodbye,1,Up
warthog,1,Up
white,2,Up
russia,6,Up
facing,1,Up
fifthgeneration,1,Up
fighter,1,Up
story,2,Up
dear,1,Up
neighbor,1,Up
false,1,Up
mandate,1,Up
bryce,1,Up
fiedler,1,Up
power,3,Up
chromebook,1,Up
experiment,1,Up
regina,1,Up
dancy,1,Up
choose,1,Up
chaos,1,Up
biking,1,Up
winwin,1,Up
livability,1,Up
arena,2,Up
pension,1,Up
help,1,Up
retain,1,Up
police,4,Up
library,1,Up
neutral,3,Up
stealth,1,Up
jet,4,Up
finally,2,Up
flying,1,Up
britain,2,Up
illegal,2,Up
marijuana,2,Up
agent,2,Up
targeted,2,Up
biggest,3,Up
deserved,1,Up
radio,2,Up
denounced,1,Up
defiant,1,Up
remark,2,Up
nonwhite,1,Up
voice,2,Up
congress,1,Up
killed,3,Up
septum,1,Up
urge,1,Up
philadelphia,1,Up
student,10,Up
ahead,15,Up
due,3,Up
possible,1,Up
iowa,1,Up
heavy,2,Up
lift,2,Up
pantry,1,Up
grand,4,Up
fork,2,Up
council,4,Up
forward,3,Up
negotiation,1,Up
incentive,1,Up
colbert,6,Up
responds,1,Up
steering,1,Up
committee,8,Up
garbarino,4,Up
homeland,4,Up
mexican,3,Up
allegedly,2,Up
decapitated,1,Up
woman,2,Up
jonah,1,Up
goldberg,1,Up
yes,1,Up
talking,1,Up
jeffrey,4,Up
talley,1,Up
pro,3,Up
mundo,1,Up
overreach,1,Up
definition,1,Up
baylor,1,Up
education,5,Up
sen,3,Up
john,1,Up
hoffman,1,Up
recovery,1,Up
interview,1,Up
since,3,Up
dump,1,Up
truck,1,Up
crash,3,Up
chelmsford,1,Up
coalition,3,Up
positive,5,Up
note,1,Up
fiona,1,Up
katauskas,1,Up
speaker,7,Up
releasing,1,Up
recess,2,Up
preliminary,2,Up
tuesday,4,Up
probe,2,Up
river,1,Up
assisted,1,Up
late,3,Up
bok,1,Up
lead,5,Up
toll,2,Up
area,2,Up
andrew,3,Up
panel,3,Up
spearheading,1,Up
immigration,2,Up
agenda,1,Up
father,1,Up
disastrous,1,Up
place,4,Up
drone,1,Up
central,12,Up
park,5,Up
middle,3,Up
roof,1,Up
rift,1,Up
priority,1,Up
phillies,1,Up
walkoff,1,Up
catcher,1,Up
base,3,Up
loaded,1,Up
beach,3,Up
reopens,3,Up
aggressive,1,Up
shark,3,Up
sighting,1,Up
redondo,1,Up
pier,2,Up
race,6,Up
cringe,1,Up
zohran,1,Up
africa,1,Up
unfortunately,1,Up
department,3,Up
proposes,2,Up
rule,5,Up
change,7,Up
deregulate,3,Up
workplace,4,Up
bonta,1,Up
opposing,1,Up
usda,1,Up
snap,3,Up
participant,1,Up
vow,7,Up
easy,2,Up
redistricting,3,Up
effort,2,Up
burdoin,1,Up
revitalize,1,Up
angel,1,Up
give,14,Up
run,5,Up
mets,1,Up
william,1,Up
harrys,1,Up
cousin,1,Up
found,2,Up
gun,1,Up
nearby,1,Up
medicaid,1,Up
fedorchaks,1,Up
virtual,1,Up
town,1,Up
hall,1,Up
bill,5,Up
passage,1,Up
hurting,1,Up
gather,1,Up
granite,1,Up
prosecutor,1,Up
supervisor,2,Up
restitution,1,Up
far,1,Up
seeking,2,Up
pas,2,Up
ceqa,1,Up
reform,4,Up
takeaway,1,Up
regulated,1,Up
jim,2,Up
vandehei,1,Up
super,1,Up
journalist,4,Up
nevada,1,Up
governor,2,Up
asks,1,Up
disgraced,1,Up
nearly,1,Up
aocs,1,Up
campaign,3,Up
office,7,Up
vandalized,1,Up
antiisrael,2,Up
message,1,Up
attorney,1,Up
kwame,1,Up
raoul,1,Up
fight,2,Up
preserve,1,Up
tps,1,Up
immigrant,2,Up
joining,1,Up
battle,1,Up
grind,1,Up
shut,2,Up
hennepin,1,Up
sheriff,1,Up
engagement,1,Up
charitable,1,Up
educational,1,Up
cultural,1,Up
organ,1,Up
horrifying,1,Up
defunding,1,Up
restaurant,5,Up
broken,2,Up
leaf,2,Up
tough,1,Up
national,12,Up
nominates,1,Up
fox,2,Up
contributor,1,Up
sara,1,Up
czar,2,Up
cbss,1,Up
longawaited,1,Up
cancellation,3,Up
editor,1,Up
grieving,1,Up
slain,1,Up
showcase,1,Up
deep,1,Up
compassion,1,Up
humanity,1,Up
tulsi,2,Up
deputy,1,Up
criminal,2,Up
soon,1,Up
dismissed,1,Up
amid,5,Up
work,2,Up
stoppage,1,Up
withdraws,1,Up
signaling,1,Up
flee,1,Up
promise,4,Up
fractured,1,Up
friendship,2,Up
multimillion,1,Up
involving,1,Up
mlb,1,Up
superstar,1,Up
guerrero,2,Up
singer,1,Up
marc,1,Up
anthony,1,Up
lesser,1,Up
landy,1,Up
smith,1,Up
siegel,1,Up
representing,1,Up
plaintiff,1,Up
jesse,1,Up
restriction,1,Up
illegally,1,Up
executive,2,Up
oversee,1,Up
luther,2,Up
king,2,Up
fbi,2,Up
record,13,Up
released,14,Up
sharpton,1,Up
desperate,1,Up
attempt,1,Up
distract,1,Up
firestorm,1,Up
itos,1,Up
zimv,1,Up
cpr,1,Up
training,1,Up
eyed,1,Up
grad,1,Up
requirement,2,Up
hear,1,Up
gender,2,Up
notification,1,Up
seek,5,Up
dismantling,1,Up
protection,1,Up
dome,1,Up
furor,6,Up
upends,6,Up
row,7,Up
brings,1,Up
comfortable,1,Up
warm,1,Up
sue,2,Up
wayfarer,1,Up
cover,1,Up
blake,1,Up
lively,1,Up
harassment,1,Up
suit,1,Up
bruce,1,Up
anderson,1,Up
unexpectedly,1,Up
assassination,1,Up
danaher,4,Up
transition,2,Up
favorite,2,Up
volatility,1,Up
preview,1,Up
consolidated,2,Up
edison,1,Up
oscar,1,Up
revise,1,Up
guidance,3,Up
ending,2,Up
beloved,1,Up
perk,1,Up
relied,1,Up
njcom,1,Up
defense,6,Up
contractor,3,Up
burke,3,Up
selects,2,Up
datavault,2,Up
enhanced,2,Up
quavo,2,Up
fraud,4,Up
dispute,2,Up
secures,2,Up
spectrum,2,Up
highyield,1,Up
saving,1,Up
account,4,Up
rate,16,Up
steady,5,Up
humana,1,Up
accelerates,1,Up
eliminate,3,Up
prior,1,Up
authorization,2,Up
seamless,1,Up
process,1,Up
chartered,1,Up
village,1,Up
celebrate,1,Up
startup,2,Up
inaugural,1,Up
accelerator,1,Up
vision,1,Up
shape,1,Up
openai,3,Up
stargate,1,Up
infrastructure,3,Up
heloc,1,Up
line,2,Up
credit,6,Up
hang,1,Up
building,5,Up
warns,4,Up
wildly,2,Up
misleading,2,Up
allegation,2,Up
died,2,Up
trip,2,Up
afghanistan,2,Up
otherwise,2,Up
palm,1,Up
estate,1,Up
mystery,1,Up
unfolds,1,Up
private,1,Up
refinance,1,Up
synchrony,2,Up
common,7,Up
breakout,2,Up
altcoins,1,Up
poised,2,Up
explosive,1,Up
sui,1,Up
ofnt,1,Up
kaspa,1,Up
truman,1,Up
scare,1,Up
ngex,1,Up
spinout,1,Up
royalty,1,Up
huya,1,Up
towards,1,Up
development,2,Up
southside,1,Up
exyte,2,Up
facility,5,Up
diamond,3,Up
catl,2,Up
cell,2,Up
gigafactory,2,Up
germany,2,Up
exec,1,Up
fidji,1,Up
simo,1,Up
idea,2,Up
apple,1,Up
iphone,1,Up
series,1,Up
display,1,Up
teased,1,Up
september,2,Up
liquid,1,Up
sheetz,1,Up
mayhem,1,Up
lunch,1,Up
minister,1,Up
dabrusin,1,Up
announcement,1,Up
vancouver,1,Up
highlight,2,Up
importance,1,Up
empowering,1,Up
address,3,Up
climate,2,Up
healthy,1,Up
minimus,1,Up
availability,1,Up
container,1,Up
iron,1,Up
accelerating,1,Up
fedramp,1,Up
compliance,1,Up
nano,1,Up
expands,5,Up
bnb,2,Up
smartphones,1,Up
vloggers,1,Up
metal,2,Up
gaspe,1,Up
copper,1,Up
intersects,1,Up
metre,1,Up
averaging,1,Up
vistria,2,Up
promotes,2,Up
max,2,Up
vielmetti,2,Up
shane,2,Up
maloney,2,Up
michael,4,Up
shaid,2,Up
upham,2,Up
principal,2,Up
amplify,1,Up
penalty,1,Up
submit,1,Up
form,1,Up
ezpaycheck,1,Up
unlocking,2,Up
relief,2,Up
nation,3,Up
shortage,2,Up
realtorcom,2,Up
titan,3,Up
close,13,Up
usm,2,Up
exim,2,Up
camtek,1,Up
progress,3,Up
amended,2,Up
kucoin,1,Up
brl,1,Up
fiat,1,Up
balance,1,Up
strengthening,1,Up
commitment,2,Up
brazilian,1,Up
college,5,Up
university,1,Up
ecampuscom,1,Up
online,1,Up
bookstore,1,Up
hunt,1,Up
scanlon,1,Up
venture,1,Up
serf,1,Up
buyside,1,Up
egon,1,Up
zehnder,1,Up
acquisition,3,Up
prince,1,Up
houston,1,Up
liberty,3,Up
strengthens,2,Up
advance,3,Up
black,2,Up
pine,1,Up
feasibility,1,Up
permitting,1,Up
simmons,2,Up
severe,1,Up
obesity,1,Up
child,5,Up
tripled,1,Up
desjardins,1,Up
mutual,10,Up
lineup,1,Up
rokmaster,1,Up
provides,1,Up
fieldwork,1,Up
nechako,1,Up
qinetiq,1,Up
scott,1,Up
mcgleish,1,Up
grow,2,Up
constantly,1,Up
raising,4,Up
eshallgo,1,Up
nasdaq,1,Up
ehgo,1,Up
enterpriselevel,1,Up
targeting,3,Up
rapidly,1,Up
intelligent,1,Up
toncoin,2,Up
reach,1,Up
altcoin,1,Up
contract,2,Up
money,2,Up
interest,2,Up
earn,2,Up
spreading,1,Up
main,2,Up
transforming,1,Up
bloom,2,Up
nysebe,1,Up
susquehanna,2,Up
csw,1,Up
industrials,1,Up
nysecsw,1,Up
forecast,5,Up
steer,1,Up
nysecns,1,Up
huntington,1,Up
ingalls,1,Up
nysehii,1,Up
decker,1,Up
outdoor,1,Up
nysedeck,1,Up
armour,2,Up
nyseuaa,2,Up
lessened,2,Up
badger,1,Up
meter,1,Up
nysebmi,1,Up
element,1,Up
nyseesi,1,Up
sps,1,Up
commerce,4,Up
nasdaqspsc,1,Up
nysearen,1,Up
covered,2,Up
lake,2,Up
gate,1,Up
industrial,3,Up
nysegtes,1,Up
reduced,1,Up
compass,1,Up
loncpg,1,Up
shore,4,Up
capricorn,1,Up
cne,1,Up
reaffirmed,2,Up
hvivo,1,Up
lonhvo,1,Up
fiserv,3,Up
nysefi,3,Up
monness,1,Up
crespi,1,Up
hardt,1,Up
magnolia,1,Up
nysemgy,1,Up
comerica,1,Up
nysecma,1,Up
davidson,2,Up
dana,1,Up
nysedan,1,Up
stifel,2,Up
nicolaus,1,Up
flowserve,1,Up
nysefls,1,Up
cushman,1,Up
wakefield,3,Up
nysecwk,1,Up
citizen,1,Up
jmp,1,Up
arbuthnot,1,Up
banking,3,Up
arbb,1,Up
nyseben,1,Up
cummins,1,Up
nysecmi,1,Up
barclays,1,Up
massie,1,Up
worst,1,Up
congressman,1,Up
chris,1,Up
spear,1,Up
trucker,1,Up
editorial,5,Up
cta,1,Up
edgewater,1,Up
uptown,1,Up
broadway,2,Up
sheldon,1,Up
jacobson,1,Up
oldschool,1,Up
staying,1,Up
daniel,1,Up
depetris,1,Up
donald,1,Up
benjamin,1,Up
netanyahu,1,Up
goal,1,Up
pod,1,Up
zombie,1,Up
apocalypse,1,Up
stir,1,Up
fear,3,Up
frightening,1,Up
pipeline,1,Up
mishap,1,Up
playing,1,Up
favoritesand,1,Up
youre,3,Up
view,3,Up
pie,1,Up
define,1,Up
extended,1,Up
cop,1,Up
quietly,1,Up
tag,1,Up
gang,1,Up
feed,2,Up
atlantic,1,Up
authority,2,Up
drew,1,Up
virginian,1,Up
worry,1,Up
theyll,1,Up
lose,1,Up
coverage,1,Up
dangerous,3,Up
disinformation,1,Up
east,3,Up
ramp,1,Up
gaza,12,Up
offensive,1,Up
starvation,1,Up
spiral,1,Up
slang,1,Up
term,4,Up
card,3,Up
turned,2,Up
venus,1,Up
williams,1,Up
tennis,1,Up
aged,1,Up
brought,1,Up
bible,1,Up
truly,1,Up
kellanova,2,Up
nysek,1,Up
juror,1,Up
james,3,Up
witness,1,Up
fleeing,1,Up
nyseo,1,Up
bellring,2,Up
nysebrbr,1,Up
cohu,1,Up
nasdaqcohu,1,Up
spy,1,Up
targetand,1,Up
sensationally,1,Up
botched,1,Up
crime,2,Up
century,1,Up
greensboro,2,Up
missing,2,Up
unlicensed,1,Up
regulator,1,Up
secretary,1,Up
dish,1,Up
bizarre,1,Up
bedtime,1,Up
admin,4,Up
ditch,2,Up
unesco,1,Up
hotbed,1,Up
woke,1,Up
phonics,2,Up
reading,2,Up
skill,2,Up
step,7,Up
epic,1,Up
replacing,1,Up
glory,1,Up
crescent,1,Up
moon,1,Up
exit,1,Up
different,1,Up
bottle,1,Up
tackle,1,Up
redemption,1,Up
happening,1,Up
scandal,1,Up
hurt,1,Up
ever,1,Up
grant,2,Up
morganton,1,Up
greenway,1,Up
fonta,1,Up
flora,1,Up
dept,1,Up
anticipates,1,Up
ghislaine,4,Up
maxwell,4,Up
fallout,1,Up
supporter,3,Up
hero,2,Up
somewhere,2,Up
else,2,Up
ssc,1,Up
ssnc,1,Up
wednesday,2,Up
legend,1,Up
ozzy,1,Up
osbourne,1,Up
low,2,Up
grassroots,1,Up
evolution,1,Up
esports,1,Up
nvidia,3,Up
nasdaqnvda,1,Up
saia,1,Up
nasdaqsaia,1,Up
definitive,1,Up
healthcare,2,Up
nasdaqdh,1,Up
protest,6,Up
kill,1,Up
tennessee,1,Up
levi,1,Up
seasonending,1,Up
shoulder,1,Up
surgery,1,Up
coldplay,1,Up
shes,1,Up
concert,1,Up
battenfeld,1,Up
josh,2,Up
kraft,2,Up
path,1,Up
thankful,2,Up
decision,2,Up
blocking,2,Up
stonegate,2,Up
reduce,2,Up
chance,3,Up
bitten,1,Up
pushing,2,Up
everett,1,Up
stadium,1,Up
mitigation,1,Up
heightening,1,Up
tension,2,Up
succeed,2,Up
jerome,2,Up
contender,1,Up
opposite,1,Up
critic,1,Up
torch,1,Up
karoline,1,Up
leavitts,1,Up
faq,1,Up
happen,1,Up
foil,1,Up
disappears,1,Up
cuomos,1,Up
rebooted,1,Up
mayoral,1,Up
bid,2,Up
liz,1,Up
peek,1,Up
celebrating,1,Up
aviation,2,Up
connecticut,1,Up
fifth,1,Up
boulevard,1,Up
driveway,1,Up
yeshiva,1,Up
stripping,1,Up
shuts,1,Up
dissent,1,Up
withhold,1,Up
promised,1,Up
adult,1,Up
sentiment,1,Up
rich,1,Up
scoop,2,Up
overlooked,1,Up
economist,1,Up
predicting,1,Up
boom,1,Up
forever,2,Up
grudge,1,Up
tie,1,Up
hoax,2,Up
spartanburg,1,Up
britt,1,Up
defined,3,Up
rapid,1,Up
mini,1,Up
tds,1,Up
psychosis,1,Up
irrational,1,Up
search,2,Up
yearold,1,Up
continues,1,Up
reward,1,Up
worse,2,Up
stryker,1,Up
nysesyk,1,Up
schumer,1,Up
preparing,1,Up
showdown,1,Up
commentary,5,Up
determining,1,Up
putin,1,Up
desire,1,Up
peace,2,Up
supreme,29,Up
silent,1,Up
undermine,2,Up
legitimacy,1,Up
recording,1,Up
dream,1,Up
exhausting,1,Up
male,1,Up
corporate,1,Up
billionaire,2,Up
therapy,1,Up
without,1,Up
francisco,1,Up
homeless,2,Up
parking,1,Up
limit,1,Up
stephen,4,Up
roasted,1,Up
took,1,Up
bravo,1,Up
bondis,1,Up
mishandling,1,Up
biomass,2,Up
dirty,2,Up
little,2,Up
secret,2,Up
explain,2,Up
unlikely,1,Up
speak,1,Up
slash,2,Up
australia,1,Up
toxic,1,Up
algae,1,Up
neophyte,1,Up
wheel,1,Up
haiti,1,Up
violent,1,Up
haitian,1,Up
temporary,1,Up
protected,1,Up
status,1,Up
floridian,1,Up
hate,1,Up
blackbear,1,Up
massacre,1,Up
camp,1,Up
nope,2,Up
schedule,1,Up
cue,1,Up
mom,1,Up
guilt,1,Up
transgender,4,Up
deserve,1,Up
ensnare,1,Up
collins,3,Up
box,1,Up
sunset,1,Up
blvd,1,Up
umgs,1,Up
european,1,Up
commission,2,Up
indepth,1,Up
phase,1,Up
accenture,2,Up
malaysia,1,Up
aristal,1,Up
nonprofit,2,Up
changing,2,Up
transporter,1,Up
critial,1,Up
align,1,Up
delivers,1,Up
dualuse,1,Up
sav,1,Up
verizons,1,Up
switching,1,Up
harder,1,Up
customer,1,Up
snag,1,Up
analog,2,Up
semiconductor,1,Up
undervalued,1,Up
obermeyer,2,Up
vsm,2,Up
exceptionalism,1,Up
isnt,1,Up
foreign,1,Up
flow,2,Up
lowes,1,Up
nyselow,1,Up
full,1,Up
circle,1,Up
benchmark,1,Up
diesel,1,Up
flashback,1,Up
maher,1,Up
admitted,1,Up
julius,4,Up
baer,4,Up
zurich,4,Up
nyseacn,1,Up
united,5,Up
eli,7,Up
lilly,7,Up
nyselly,7,Up
alecta,1,Up
tjanstepension,1,Up
omsesidigt,1,Up
flynn,3,Up
zito,3,Up
nelson,1,Up
nasdaqgoog,5,Up
highlander,2,Up
equal,2,Up
weight,2,Up
nysearcarsp,2,Up
spacious,1,Up
drawer,1,Up
dresser,1,Up
perfect,1,Up
deepseek,1,Up
keycorp,1,Up
nii,1,Up
outlook,2,Up
solid,1,Up
ignite,2,Up
hartford,2,Up
ifp,2,Up
amgen,2,Up
nasdaqamgn,2,Up
dynamic,4,Up
nysegd,2,Up
rideup,1,Up
trailrush,1,Up
fullsuspension,1,Up
middrive,1,Up
emtb,1,Up
columbia,3,Up
expulsion,1,Up
pull,1,Up
degree,1,Up
propalestinian,1,Up
mount,1,Up
horton,3,Up
pulte,1,Up
att,2,Up
nyset,2,Up
proficio,23,Up
sense,2,Up
ease,1,Up
postearnings,1,Up
sandoz,1,Up
degolyer,1,Up
pharmatech,1,Up
ategenos,1,Up
prepares,1,Up
lori,1,Up
calvasina,1,Up
theory,2,Up
wouldnt,1,Up
impact,2,Up
freeportmcmoran,1,Up
nysefcx,1,Up
kapitalforvaltning,17,Up
nysemmm,1,Up
sherwinwilliams,2,Up
nyseshw,2,Up
nasdaqadi,1,Up
linked,1,Up
continued,1,Up
strife,1,Up
classified,1,Up
aero,1,Up
breaking,1,Up
struck,1,Up
additional,1,Up
part,2,Up
round,4,Up
wired,1,Up
cme,2,Up
nasdaqcme,2,Up
automatic,1,Up
processing,1,Up
nasdaqadp,1,Up
legacy,1,Up
automaker,28,Up
indonesia,1,Up
ontariff,1,Up
barrier,1,Up
amy,1,Up
welcome,1,Up
multilingual,1,Up
serbianspeaking,1,Up
nysepwr,1,Up
beteiligungs,7,Up
und,7,Up
servicegesellschaft,7,Up
mbh,7,Up
intuit,1,Up
split,8,Up
prospect,2,Up
sugar,2,Up
meta,3,Up
teen,2,Up
safety,4,Up
feature,2,Up
remove,3,Up
sexualize,2,Up
skydance,2,Up
itll,2,Up
dei,2,Up
install,2,Up
ombudsman,2,Up
root,2,Up
regulation,1,Up
jump,6,Up
deluge,1,Up
cocoa,6,Up
tighter,1,Up
supply,1,Up
qfscoin,1,Up
profitable,1,Up
platform,1,Up
yielding,1,Up
crypto,2,Up
btc,1,Up
ltc,1,Up
doge,2,Up
cancel,1,Up
sunny,1,Up
destination,1,Up
refund,1,Up
coffee,1,Up
underpinned,1,Up
brazil,2,Up
coon,5,Up
poplar,3,Up
forest,4,Up
burney,1,Up
hasbro,1,Up
relies,1,Up
magic,1,Up
offset,1,Up
prime,2,Up
according,2,Up
put,27,Up
disadvantage,27,Up
summit,3,Up
nasdaqtsla,4,Up
wedbush,2,Up
egerton,2,Up
skittish,1,Up
early,1,Up
deregulation,1,Up
chatbot,2,Up
merz,1,Up
macron,2,Up
huddle,1,Up
nato,1,Up
euus,1,Up
firsttime,5,Up
homebuyer,5,Up
detailed,5,Up
budgeting,5,Up
awarded,2,Up
nstas,2,Up
yellow,2,Up
advancing,2,Up
zeroemission,2,Up
transportation,2,Up
historic,1,Up
usbuilt,1,Up
bpd,1,Up
newcomer,1,Up
skyrocket,1,Up
outperform,1,Up
dogecoin,1,Up
soft,1,Up
dress,1,Up
enough,1,Up
maximize,1,Up
banc,2,Up
desktop,1,Up
traffic,1,Up
usage,1,Up
fhlbank,1,Up
chicago,1,Up
inflation,2,Up
uptick,1,Up
cardone,1,Up
fireravaged,1,Up
palisade,1,Up
lowincome,1,Up
conspiracy,2,Up
auction,1,Up
robust,1,Up
logistics,1,Up
pricingheres,1,Up
save,1,Up
lllp,2,Up
ames,2,Up
candace,2,Up
owen,2,Up
defamation,1,Up
claiming,1,Up
wife,2,Up
cramer,1,Up
describes,1,Up
negative,1,Up
shaping,1,Up
denies,1,Up
unseal,1,Up
jury,1,Up
transcript,1,Up
letterman,2,Up
something,2,Up
iqvia,1,Up
iqv,1,Up
higherthanexpected,1,Up
dhi,1,Up
doubleday,1,Up
opening,1,Up
ballston,1,Up
spa,1,Up
route,1,Up
spot,1,Up
webull,1,Up
bull,1,Up
soar,2,Up
stronger,1,Up
bolster,1,Up
blowout,2,Up
pultegroup,1,Up
phm,1,Up
reco,1,Up
hershey,4,Up
chocolate,5,Up
maker,4,Up
hike,4,Up
remains,4,Up
cipher,1,Up
cifr,1,Up
alongside,1,Up
fighting,1,Up
piper,1,Up
sandlers,1,Up
gsa,1,Up
affect,1,Up
lucid,1,Up
lcid,1,Up
access,1,Up
charger,1,Up
nio,3,Up
quantumscape,1,Up
scalise,1,Up
needed,1,Up
sued,1,Up
french,1,Up
trans,1,Up
word,2,Up
roy,1,Up
cooper,2,Up
carolina,3,Up
boyd,2,Up
watterson,2,Up
mindful,1,Up
jon,1,Up
heydenreich,1,Up
damn,1,Up
senator,1,Up
feedback,10,Up
podcast,10,Up
violated,1,Up
withholding,1,Up
watchdog,1,Up
examines,1,Up
diplomatic,1,Up
thailand,1,Up
border,1,Up
crossing,1,Up
cambodia,1,Up
ambassador,1,Up
flare,1,Up
notis,1,Up
mcconarty,1,Up
edward,1,Up
nysearcagld,1,Up
appropriate,6,Up
arent,6,Up
journal,4,Up
espionage,1,Up
agency,3,Up
warn,1,Up
surging,1,Up
interlock,1,Up
ransomware,1,Up
wespac,2,Up
socal,2,Up
crowdstrike,3,Up
nasdaqcrwd,3,Up
replay,1,Up
armed,1,Up
reforming,1,Up
forbes,1,Up
gabbard,1,Up
implication,1,Up
contrived,1,Up
narrative,1,Up
gov,3,Up
shapiro,1,Up
athlete,2,Up
extremist,1,Up
legislator,1,Up
hed,1,Up
veto,1,Up
trygve,1,Up
olson,1,Up
cartoon,1,Up
ride,1,Up
susan,1,Up
oppose,1,Up
making,2,Up
jpl,2,Up
smallcap,1,Up
nysearcaijr,1,Up
imagining,2,Up
bumper,2,Up
crop,2,Up
legislature,2,Up
pam,1,Up
bondi,1,Up
jersey,1,Up
bigger,1,Up
judiciary,1,Up
discrimination,1,Up
preference,1,Up
steel,4,Up
plant,2,Up
hometown,1,Up
clean,1,Up
coal,1,Up
palantir,1,Up
nasdaqpltr,1,Up
garrison,1,Up
bradford,1,Up
associate,1,Up
oversight,2,Up
theft,1,Up
tea,1,Up
killer,1,Up
detroit,1,Up
hareholder,1,Up
alert,1,Up
otcmkts,1,Up
sqcf,1,Up
merck,1,Up
nysemrk,1,Up
ally,2,Up
lindell,1,Up
lawler,1,Up
reelection,1,Up
firstever,1,Up
pride,1,Up
parade,1,Up
sentenced,2,Up
killing,1,Up
retribution,1,Up
alleged,1,Up
diegos,1,Up
resignation,1,Up
demotion,1,Up
putting,1,Up
nebraska,1,Up
pete,1,Up
ricketts,1,Up
introduce,1,Up
streamlining,1,Up
veteran,2,Up
famed,1,Up
south,3,Up
african,1,Up
hiv,1,Up
med,1,Up
usaid,1,Up
addressing,1,Up
unaccompanied,1,Up
alien,1,Up
childrenpart,1,Up
doctor,1,Up
pleads,1,Up
guilty,1,Up
distributing,1,Up
ketamine,1,Up
tied,1,Up
matthew,1,Up
perry,1,Up
pelham,1,Up
charged,2,Up
abandoned,1,Up
crate,1,Up
outside,1,Up
pet,1,Up
reopening,1,Up
timeline,1,Up
enter,1,Up
roundview,1,Up
ima,1,Up
murderer,1,Up
msd,1,Up
legato,3,Up
permit,1,Up
firing,1,Up
sentence,1,Up
quadruplemurder,1,Up
rebuilding,1,Up
opportunity,2,Up
postwar,1,Up
reconstruction,1,Up
russiaukraine,1,Up
turkey,1,Up
gave,1,Up
moscow,1,Up
mueller,1,Up
nysemli,1,Up
convergence,2,Up
commvault,1,Up
nasdaqcvlt,1,Up
kimberly,1,Up
greene,1,Up
southern,4,Up
nyseso,1,Up
thursday,7,Up
oak,9,Up
thistle,9,Up
booking,1,Up
nasdaqbkng,1,Up
venturi,23,Up
nysearcaijh,1,Up
sym,15,Up
msci,3,Up
eafe,2,Up
batsefg,1,Up
spotify,1,Up
nysespot,1,Up
cullenfrost,2,Up
nysecfr,2,Up
intercept,13,Up
hong,13,Up
kong,13,Up
moody,1,Up
nysemco,1,Up
valmont,2,Up
nysevmi,2,Up
globe,1,Up
nysegl,1,Up
lifted,2,Up
nasdaqmbb,1,Up
brookfield,2,Up
nysebn,2,Up
nysecvs,1,Up
ugi,2,Up
nyseugi,2,Up
armstrong,2,Up
nyseawi,2,Up
nasdaqbiib,2,Up
cognizant,2,Up
nasdaqctsh,2,Up
reliance,1,Up
nysers,1,Up
lharris,2,Up
nyselhx,2,Up
nysearcaiyw,2,Up
synopsys,2,Up
nasdaqsnps,2,Up
intel,3,Up
nasdaqintc,2,Up
mega,1,Up
nysearcamgk,1,Up
lincoln,2,Up
nyselnc,2,Up
nasdaqstld,2,Up
nysems,2,Up
cosmcsinspired,1,Up
pfg,4,Up
altshares,1,Up
arbitrage,1,Up
nysearcaarb,1,Up
choreo,16,Up
nasdaqffbc,1,Up
nasdaqshy,1,Up
brown,2,Up
nysebro,1,Up
rowe,2,Up
nysearcathyf,1,Up
nyseaig,1,Up
tip,2,Up
nysearcastip,1,Up
nysedhr,1,Up
dow,1,Up
jones,1,Up
nysearcadia,1,Up
pnc,1,Up
nysepnc,1,Up
autozone,1,Up
nyseazo,1,Up
equinix,1,Up
nasdaqeqix,1,Up
tyson,1,Up
nysetsn,1,Up
nysedhi,1,Up
nrg,1,Up
nysenrg,1,Up
esg,1,Up
aware,1,Up
nasdaqesgd,1,Up
darden,1,Up
nysedri,1,Up
appreciation,1,Up
nysearcavig,1,Up
parkerhannifin,1,Up
nyseph,1,Up
occidental,1,Up
petroleum,2,Up
nyseoxy,1,Up
micron,1,Up
nasdaqmu,1,Up
eastman,1,Up
chemical,1,Up
nyseemn,1,Up
eagle,2,Up
nasdaqegbn,1,Up
readystate,17,Up
cnx,2,Up
nysecnx,2,Up
tool,2,Up
keysight,1,Up
smuggling,1,Up
bootleg,1,Up
datacenters,1,Up
losing,1,Up
proposition,1,Up
sound,1,Up
assertive,1,Up
phrase,1,Up
nysehyi,1,Up
nysearcatip,1,Up
axle,1,Up
nyseaxl,1,Up
nov,1,Up
nysenov,1,Up
novartis,1,Up
nysenvs,1,Up
kimberlyclark,1,Up
nysekmb,1,Up
duration,1,Up
nyseamericanftf,1,Up
dominion,1,Up
freight,1,Up
nasdaqodfl,1,Up
otis,1,Up
nyseotis,1,Up
halliburton,2,Up
nysehal,2,Up
parcel,2,Up
nyseups,2,Up
unum,1,Up
nyseunm,1,Up
nyserci,2,Up
nasdaqcolb,2,Up
exlservice,2,Up
nasdaqexls,2,Up
mondelez,2,Up
nasdaqmdlz,2,Up
virtu,2,Up
total,3,Up
nyseztr,2,Up
norfolk,3,Up
nysensc,2,Up
nisource,1,Up
nyseni,1,Up
fabric,1,Up
tissue,1,Up
deer,1,Up
antler,1,Up
rake,1,Up
rnc,2,Up
whatley,1,Up
politico,1,Up
lowell,1,Up
draftkings,1,Up
nasdaqdkng,1,Up
amdocs,1,Up
nasdaqdox,1,Up
lyft,1,Up
nasdaqlyft,1,Up
axis,1,Up
nyseaxs,1,Up
raymond,2,Up
nyserjf,1,Up
dell,1,Up
nysedell,1,Up
caribbean,1,Up
cruise,1,Up
nysercl,1,Up
fulton,1,Up
nasdaqfult,1,Up
genuine,1,Up
nysegpc,1,Up
seritage,1,Up
nysesrg,1,Up
lennar,1,Up
nyselen,1,Up
kenefick,1,Up
chemung,1,Up
nasdaqchmg,1,Up
coinbase,1,Up
nasdaqcoin,1,Up
buying,3,Up
ioneer,1,Up
asxinr,1,Up
nasdaqtrow,1,Up
nxt,1,Up
tsesfd,1,Up
buffer,1,Up
november,1,Up
batsunov,1,Up
moishe,1,Up
gubin,1,Up
strawberry,1,Up
field,1,Up
reit,1,Up
nasdaqstrw,1,Up
duty,1,Up
paysign,1,Up
nasdaqpays,1,Up
evertec,1,Up
nyseevtc,1,Up
kinross,1,Up
viking,1,Up
nysevik,1,Up
ross,1,Up
store,1,Up
nasdaqrost,1,Up
jefferson,3,Up
shreve,3,Up
juniper,1,Up
nysejnpr,1,Up
estimate,2,Up
formation,1,Up
mnrls,1,Up
wixcom,1,Up
nasdaqwix,1,Up
betabuilders,1,Up
batsbbjp,1,Up
madison,2,Up
kansa,2,Up
nysecp,1,Up
richardson,2,Up
clo,3,Up
nysearcacloi,1,Up
blackline,1,Up
nasdaqbl,1,Up
preferred,1,Up
spartannash,1,Up
nasdaqsptn,1,Up
ralliant,1,Up
nyseral,1,Up
melius,1,Up
krispy,1,Up
kreme,1,Up
nasdaqdnut,1,Up
bnp,1,Up
paribas,1,Up
shake,1,Up
shack,1,Up
shak,1,Up
projected,4,Up
sma,1,Up
smtgf,1,Up
intercontinental,1,Up
lonihg,1,Up
otcmktsicagy,1,Up
joby,1,Up
nysejoby,1,Up
hercules,1,Up
htgc,1,Up
expected,2,Up
vericel,1,Up
vcel,1,Up
fubotv,1,Up
nysefubo,1,Up
nasdaqfox,1,Up
leggett,1,Up
platt,1,Up
leg,1,Up
teleflex,1,Up
tfx,1,Up
bayerische,1,Up
motoren,1,Up
werke,1,Up
otcmktsbamxf,1,Up
nysenio,1,Up
patrick,1,Up
patk,1,Up
dcf,1,Up
protocol,1,Up
followed,1,Up
boy,1,Up
captive,1,Up
condemns,1,Up
wait,1,Up
zelenskyy,4,Up
safeguard,3,Up
anticorruption,3,Up
sylogist,1,Up
tsesyz,1,Up
heatwurx,1,Up
nasdaqpcsa,1,Up
happened,1,Up
proshares,1,Up
vix,1,Up
shortterm,1,Up
batsuvxy,1,Up
fundamental,1,Up
nasdaqfgf,1,Up
eventim,1,Up
kgaa,1,Up
otcmktscevmf,1,Up
bosideng,1,Up
otcmktsbsdgy,1,Up
nasdaqhsaq,1,Up
turk,1,Up
hava,1,Up
yollari,1,Up
anonim,1,Up
ortakligi,1,Up
otcmktstkhvy,1,Up
blow,1,Up
dealt,1,Up
hilton,1,Up
vacation,1,Up
nysehgv,1,Up
docusign,1,Up
nasdaqdocu,1,Up
efficient,2,Up
motorola,1,Up
nysemsi,1,Up
dynatrace,1,Up
nysedt,1,Up
nysearcavgt,1,Up
blackrock,1,Up
allocation,1,Up
nysebcat,1,Up
roadhouse,1,Up
nasdaqtxrh,1,Up
nysestt,1,Up
packaging,1,Up
nysepkg,1,Up
simpson,1,Up
nysessd,1,Up
marathon,1,Up
nysempc,1,Up
slm,1,Up
nasdaqslm,1,Up
viper,1,Up
nasdaqvnom,1,Up
dime,1,Up
nasdaqdcom,1,Up
inadvertently,1,Up
liberal,1,Up
crashing,1,Up
earth,1,Up
optimistic,1,Up
blackstone,1,Up
griddle,1,Up
wayfairs,1,Up
friday,1,Up
retailer,1,Up
staten,1,Up
mall,1,Up
empty,1,Up
space,1,Up
nuvei,1,Up
debut,1,Up
merchant,1,Up
irs,1,Up
considers,1,Up
eliminating,1,Up
nonenglish,1,Up
language,1,Up
oxford,2,Up
gray,2,Up
austin,1,Up
texasbased,1,Up
fintiv,1,Up
known,1,Up
mozido,1,Up
owned,1,Up
brompton,3,Up
distribution,5,Up
bdcs,1,Up
deltec,2,Up
tranquility,2,Up
hurricaneready,2,Up
resilience,2,Up
inspired,2,Up
bankrupt,2,Up
chain,2,Up
closure,2,Up
brookwood,2,Up
fundamentally,1,Up
perfectly,2,Up
explains,2,Up
gambit,2,Up
hulk,4,Up
hogan,4,Up
helped,1,Up
transform,1,Up
wrestling,1,Up
sideshow,1,Up
event,1,Up
ribbon,2,Up
tour,14,Up
renovation,4,Up
visit,3,Up
unitedhealth,14,Up
cooperating,14,Up
wellington,2,Up
square,2,Up
aaa,2,Up
wesbanco,2,Up
presence,2,Up
northern,5,Up
invent,1,Up
inventor,2,Up
develops,2,Up
newly,1,Up
covering,1,Up
plb,1,Up
postal,2,Up
featured,1,Up
perplexity,1,Up
subscription,2,Up
babine,1,Up
fraser,1,Up
bcs,1,Up
inventhelp,1,Up
accessory,1,Up
roulette,1,Up
lgt,1,Up
union,1,Up
confirm,1,Up
create,1,Up
railroad,1,Up
shenandoah,1,Up
winery,1,Up
feel,2,Up
squeeze,1,Up
amplifys,1,Up
ongoing,1,Up
pennsylvania,1,Up
onalaska,1,Up
applebees,1,Up
pair,1,Up
ihop,1,Up
cahalan,1,Up
forming,1,Up
ready,1,Up
indicate,1,Up
fertility,1,Up
alltime,1,Up
ibd,1,Up
recap,1,Up
tumble,4,Up
trapped,1,Up
morling,2,Up
nysearcasplg,1,Up
nysearcavti,1,Up
applauds,1,Up
managing,1,Up
payment,1,Up
gps,1,Up
reeling,1,Up
satya,1,Up
nadella,1,Up
elephant,1,Up
room,1,Up
staff,2,Up
cite,1,Up
optimism,1,Up
pegasystems,1,Up
affirms,1,Up
cloud,1,Up
sydney,1,Up
sweeney,1,Up
pilgrim,1,Up
build,1,Up
northwest,1,Up
georgia,1,Up
engineer,1,Up
journey,3,Up
sfe,1,Up
atrium,1,Up
rtx,4,Up
nysertx,4,Up
usa,1,Up
quality,1,Up
factor,1,Up
batsqual,1,Up
benningfield,1,Up
ninepoint,1,Up
birchcreek,1,Up
qqq,2,Up
nasdaqqqq,2,Up
principle,1,Up
hill,1,Up
collier,1,Up
rite,1,Up
poppi,4,Up
settle,4,Up
finish,1,Up
sharply,1,Up
wane,1,Up
unemployment,1,Up
indiana,1,Up
childhood,1,Up
snack,1,Up
shelf,1,Up
cortez,1,Up
accepts,1,Up
short,10,Up
ceasefire,11,Up
blaming,3,Up
hamas,10,Up
chicharito,1,Up
backlash,1,Up
sexist,1,Up
porn,1,Up
racist,1,Up
tony,2,Up
evers,2,Up
wont,2,Up
trouble,1,Up
triggering,1,Up
schism,1,Up
maga,3,Up
bordering,1,Up
civic,1,Up
activity,1,Up
visiting,1,Up
humboldt,1,Up
ada,1,Up
ramping,11,Up
poll,34,Up
recent,27,Up
ruling,27,Up
summary,4,Up
accuses,7,Up
lacking,7,Up
faith,7,Up
jail,1,Up
productive,1,Up
wide,1,Up
became,1,Up
dumping,1,Up
petty,1,Up
slight,1,Up
nunn,1,Up
hears,1,Up
opposition,1,Up
radiant,1,Up
limbo,3,Up
organization,2,Up
begun,2,Up
miracle,1,Up
olympic,1,Up
medal,1,Up
restore,1,Up
independence,1,Up
antigraft,1,Up
anger,1,Up
criticism,1,Up
exbiden,1,Up
ron,1,Up
klain,1,Up
cooperative,1,Up
prezs,1,Up
night,1,Up
oct,1,Up
neighborhood,1,Up
invited,1,Up
register,1,Up
migrant,1,Up
moved,1,Up
forklift,1,Up
prompt,1,Up
korea,1,Up
pathetic,1,Up
dem,2,Up
interfering,1,Up
left,1,Up
soulsearching,1,Up
dems,1,Up
antiice,1,Up
riot,1,Up
enforcement,1,Up
alabamian,1,Up
condition,1,Up
region,1,Up
oped,1,Up
oneway,1,Up
bike,1,Up
lane,1,Up
havent,7,Up
agree,7,Up
requiring,1,Up
background,1,Up
ammo,1,Up
unconstitutional,1,Up
bombshell,1,Up
cia,1,Up
fought,1,Up
brennan,1,Up
collusion,1,Up
doc,1,Up
overruled,1,Up
hindsight,1,Up
oregon,1,Up
illusion,1,Up
qatar,1,Up
hostile,1,Up
wisconsin,1,Up
socialist,1,Up
landslide,1,Up
mourns,2,Up
negotiating,1,Up
dim,1,Up
humanitarian,1,Up
situation,1,Up
mid,1,Up
incident,1,Up
neon,1,Down
bloom,1,Down
announces,4,Down
successful,1,Down
aidriven,1,Down
backend,1,Down
software,1,Down
facebook,1,Down
parent,1,Down
meta,1,Down
halt,1,Down
political,1,Down
citing,1,Down
unworkable,1,Down
regulation,13,Down
education,6,Down
department,6,Down
release,7,Down
remaining,6,Down
withheld,6,Down
grant,6,Down
money,7,Down
school,6,Down
place,1,Down
southbridge,1,Down
celebrates,1,Down
retail,1,Down
anchor,1,Down
grand,2,Down
opening,1,Down
ribboncutting,1,Down
tempus,6,Down
wealth,33,Down
planning,6,Down
alphabet,6,Down
nasdaqgoog,6,Down
neo,1,Down
ivy,1,Down
capital,7,Down
management,12,Down
cut,44,Down
stock,32,Down
holding,18,Down
johnson,4,Down
nysejnj,2,Down
nicholas,2,Down
trim,7,Down
aldi,1,Down
trader,1,Down
joes,1,Down
adding,1,Down
store,1,Down
pennsylvania,1,Down
cocoa,1,Down
price,3,Down
sharply,1,Down
higher,2,Down
belownormal,1,Down
rain,1,Down
west,1,Down
africa,1,Down
everything,4,Down
relocating,4,Down
part,16,Down
palantir,1,Down
join,1,Down
list,1,Down
valuable,1,Down
company,17,Down
doubling,1,Down
coffee,2,Down
slump,1,Down
brazil,1,Down
harvest,1,Down
accelerates,1,Down
chicago,1,Down
police,1,Down
blew,1,Down
past,1,Down
dnc,1,Down
overtime,1,Down
budget,2,Down
foreign,2,Down
investor,2,Down
charlotte,2,Down
eagle,2,Down
lake,3,Down
obtain,2,Down
conditional,2,Down
green,2,Down
card,2,Down
approval,2,Down
tidal,1,Down
wave,1,Down
earning,1,Down
data,2,Down
next,2,Down
sport,2,Down
summarybrief,2,Down
nearshoring,38,Down
smart,38,Down
cost,38,Down
scale,38,Down
business,40,Down
kpn,2,Down
completes,2,Down
share,83,Down
buyback,2,Down
walmart,3,Down
selling,6,Down
dresser,2,Down
stackable,2,Down
design,2,Down
versatile,2,Down
bill,1,Down
creating,1,Down
wheatfield,1,Down
pendleton,1,Down
zip,1,Down
code,1,Down
pas,1,Down
house,4,Down
planner,1,Down
approve,1,Down
section,1,Down
tracy,1,Down
hill,1,Down
send,1,Down
bulk,1,Down
email,1,Down
gmail,1,Down
easily,1,Down
quickly,1,Down
integrate,1,Down
reward,1,Down
saas,1,Down
customer,4,Down
journey,12,Down
luxury,1,Down
yacht,1,Down
continues,1,Down
sail,1,Down
smoothly,1,Down
trump,60,Down
trade,15,Down
tariff,4,Down
partner,3,Down
palm,1,Down
beach,1,Down
hotel,2,Down
nfl,2,Down
fining,2,Down
player,2,Down
super,2,Down
bowl,2,Down
ticket,2,Down
face,3,Down
value,7,Down
visa,1,Down
nysev,1,Down
sold,14,Down
panoramic,1,Down
investment,48,Down
advisor,34,Down
remy,1,Down
cointreau,1,Down
invests,7,Down
nonalc,1,Down
spirit,1,Down
brand,1,Down
jnpr,1,Down
elbow,1,Down
canada,1,Down
risk,2,Down
embracing,1,Down
economic,1,Down
nationalism,1,Down
special,1,Down
council,1,Down
meeting,1,Down
tuesday,1,Down
improvement,1,Down
priority,1,Down
apply,1,Down
social,1,Down
security,5,Down
jeff,1,Down
bezos,1,Down
considering,2,Down
major,1,Down
cable,1,Down
channel,2,Down
purchase,11,Down
report,1,Down
float,1,Down
rebate,2,Down
american,31,Down
revenue,1,Down
berger,1,Down
montague,1,Down
investigates,1,Down
claim,1,Down
rxsight,1,Down
nasdaq,1,Down
rxst,1,Down
expert,2,Down
discus,1,Down
manufacturing,2,Down
caller,1,Down
event,1,Down
apple,2,Down
edge,1,Down
ahead,1,Down
earnings,1,Down
epstein,49,Down
exponential,1,Down
debt,1,Down
sign,3,Down
system,1,Down
unraveling,1,Down
openais,1,Down
gpt,1,Down
expected,1,Down
month,1,Down
steal,1,Down
vibecoding,1,Down
crown,3,Down
anthropic,1,Down
healthcare,2,Down
service,19,Down
job,1,Down
automation,1,Down
era,1,Down
close,1,Down
heloc,1,Down
administration,1,Down
approves,1,Down
controversial,1,Down
acquisition,1,Down
paramount,1,Down
skydance,1,Down
medium,1,Down
discovery,2,Down
detail,2,Down
conference,2,Down
call,3,Down
webcast,2,Down
behind,1,Down
war,1,Down
powell,2,Down
battering,1,Down
ram,1,Down
follower,1,Down
mcdonalds,1,Down
test,1,Down
drink,1,Down
shuttering,1,Down
cosmcs,1,Down
spinoff,1,Down
restaurant,1,Down
longbow,3,Down
finance,7,Down
acquires,14,Down
abbvie,3,Down
nyseabbv,3,Down
prospect,1,Down
financial,11,Down
hedeker,1,Down
stake,12,Down
vanguard,8,Down
etf,34,Down
nysearcavoo,1,Down
buy,13,Down
boost,3,Down
intuitive,1,Down
surgical,1,Down
nasdaqisrg,1,Down
curb,1,Down
splurge,1,Down
prominent,1,Down
chiropractor,1,Down
accused,1,Down
sending,1,Down
indecent,1,Down
material,1,Down
cbnnws,1,Down
carbondale,1,Down
cheapening,1,Down
genocide,1,Down
strip,2,Down
nea,1,Down
charter,1,Down
commentary,1,Down
germany,1,Down
france,1,Down
immediate,1,Down
ceasefire,1,Down
gaza,68,Down
yurachek,1,Down
elefante,1,Down
mark,1,Down
begin,1,Down
deportation,1,Down
flight,1,Down
florida,2,Down
alligator,2,Down
alcatraz,2,Down
detention,1,Down
facility,1,Down
elon,1,Down
musk,1,Down
hit,2,Down
president,4,Down
didnt,1,Down
tesla,2,Down
bos,1,Down
subsidy,1,Down
news,7,Down
summary,6,Down
sylacauga,1,Down
voter,1,Down
hear,1,Down
candidate,1,Down
idea,1,Down
aug,1,Down
fascist,1,Down
accusation,1,Down
stephen,1,Down
colbert,1,Down
ouster,1,Down
pharaoh,1,Down
maharaja,1,Down
making,1,Down
multipolar,1,Down
world,1,Down
ethic,2,Down
committee,1,Down
order,3,Down
aoc,2,Down
pay,2,Down
additional,1,Down
met,2,Down
gala,2,Down
showing,1,Down
countryrap,1,Down
star,1,Down
gain,1,Down
upper,1,Down
custody,1,Down
battle,1,Down
daughter,1,Down
team,2,Down
rewrite,1,Down
history,1,Down
axing,1,Down
book,2,Down
slavery,1,Down
letter,3,Down
editor,1,Down
wallis,1,Down
black,1,Down
peterson,1,Down
nichols,1,Down
longview,1,Down
race,1,Down
dozen,20,Down
kid,20,Down
adult,20,Down
starved,66,Down
death,66,Down
july,20,Down
hunger,21,Down
surge,20,Down
park,1,Down
county,2,Down
man,1,Down
allegedly,1,Down
plotted,1,Down
mass,2,Down
shooting,1,Down
chico,1,Down
hot,1,Down
spring,1,Down
woodsonia,1,Down
ready,1,Down
proceed,1,Down
island,1,Down
life,1,Down
application,1,Down
illinois,3,Down
fair,3,Down
upping,2,Down
measure,2,Down
gordon,1,Down
melville,1,Down
mackenzie,1,Down
central,1,Down
daca,1,Down
recipient,1,Down
released,1,Down
attorney,1,Down
jailed,1,Down
executive,2,Down
clamping,2,Down
homeless,2,Down
caterpillar,1,Down
nysecat,1,Down
hospital,5,Down
chaplain,5,Down
fired,5,Down
supporting,5,Down
coworker,5,Down
detained,5,Down
panel,1,Down
another,1,Down
dress,1,Down
ucsf,1,Down
worker,1,Down
strike,1,Down
layoff,1,Down
furor,46,Down
struggle,46,Down
shake,46,Down
controversy,47,Down
ally,46,Down
stoked,46,Down
raise,5,Down
midcap,2,Down
nysearcavo,1,Down
sell,13,Down
general,2,Down
mill,1,Down
nysegis,1,Down
charles,2,Down
schwab,2,Down
nyseschw,1,Down
burney,1,Down
zoetis,1,Down
nysezts,1,Down
longterm,1,Down
dividend,2,Down
secure,1,Down
future,2,Down
molina,1,Down
nysemoh,1,Down
purchased,4,Down
dimensional,2,Down
emerging,1,Down
core,2,Down
equity,1,Down
market,2,Down
nysearcadfae,1,Down
acquired,9,Down
avantax,6,Down
advisory,6,Down
information,2,Down
technology,7,Down
nysearcavgt,2,Down
gilbert,2,Down
cook,2,Down
ovintiv,2,Down
nyseovv,2,Down
ishares,15,Down
treasury,3,Down
bond,3,Down
nasdaqtlt,2,Down
royce,7,Down
associate,8,Down
pattersonuti,1,Down
energy,6,Down
nasdaqpten,1,Down
trust,6,Down
managed,3,Down
municipal,3,Down
nasdaqfmb,2,Down
silvercrest,1,Down
asset,2,Down
nasdaqsamg,1,Down
grows,4,Down
oracle,2,Down
nyseorcl,2,Down
amazon,2,Down
slender,1,Down
smartwatch,1,Down
shopper,2,Down
love,1,Down
accurate,1,Down
fitness,1,Down
tracking,1,Down
rewind,1,Down
traffic,1,Down
chaos,1,Down
growth,6,Down
safety,1,Down
upgrade,1,Down
video,1,Down
vault,1,Down
file,1,Down
consumer,2,Down
beefing,1,Down
brookwood,12,Down
kinder,2,Down
morgan,4,Down
nysekmi,2,Down
short,1,Down
duration,1,Down
nysearcafsmb,1,Down
take,2,Down
cigna,1,Down
nyseci,1,Down
smallcap,3,Down
nysearcaijr,1,Down
organon,2,Down
nyseogn,2,Down
lower,3,Down
industry,1,Down
nasdaqpowl,1,Down
southern,1,Down
nyseso,1,Down
russell,6,Down
nysearcaiwn,2,Down
castle,2,Down
nysecci,2,Down
discretionary,1,Down
nysearcavcr,1,Down
usjapan,1,Down
give,1,Down
control,2,Down
vapor,1,Down
ware,1,Down
fortune,1,Down
globalt,1,Down
uber,1,Down
nyseuber,1,Down
nikko,1,Down
america,2,Down
marietta,1,Down
costco,1,Down
wholesale,1,Down
nasdaqcost,1,Down
strategic,11,Down
chipotle,1,Down
mexican,1,Down
grill,1,Down
nysecmg,1,Down
stanley,2,Down
nysems,2,Down
gsk,1,Down
sponsored,1,Down
adr,2,Down
nysegsk,1,Down
lifework,5,Down
freeportmcmoran,2,Down
nysefcx,2,Down
msci,6,Down
nysemsci,2,Down
philip,2,Down
morris,2,Down
international,7,Down
nysepm,2,Down
nysearcavbr,1,Down
mgm,1,Down
resort,1,Down
nysemgm,1,Down
steel,1,Down
dynamic,1,Down
nasdaqstld,1,Down
broadridge,1,Down
solution,1,Down
nysebr,1,Down
spdr,1,Down
portfolio,1,Down
term,1,Down
nysearcasptl,1,Down
emerson,1,Down
electric,3,Down
nyseemr,1,Down
trane,1,Down
nysett,1,Down
river,1,Down
laboratory,1,Down
nysecrl,1,Down
nysearcadfiv,1,Down
advanced,2,Down
micro,2,Down
device,2,Down
nasdaqamd,2,Down
lifted,1,Down
ford,2,Down
nysef,2,Down
brandywine,1,Down
oak,1,Down
private,1,Down
decrease,5,Down
machine,1,Down
nyseibm,1,Down
washington,1,Down
gas,1,Down
virginia,2,Down
surcharge,1,Down
summer,1,Down
aurora,1,Down
facing,1,Down
significant,1,Down
hole,1,Down
mayor,1,Down
increase,4,Down
bristol,1,Down
myers,1,Down
squibb,1,Down
nysebmy,1,Down
wec,1,Down
nysewec,1,Down
carnegie,23,Down
counsel,28,Down
teledyne,1,Down
incorporated,1,Down
nysetdy,1,Down
invesco,2,Down
bulletshares,1,Down
high,1,Down
yield,1,Down
corporate,1,Down
nasdaqbsjq,1,Down
becton,1,Down
dickinson,1,Down
nysebdx,1,Down
usa,2,Down
quality,2,Down
factor,2,Down
batsqual,2,Down
arista,2,Down
network,2,Down
nyseanet,2,Down
archer,1,Down
daniel,1,Down
midland,1,Down
nyseadm,1,Down
intuit,1,Down
nasdaqintu,1,Down
adobe,1,Down
nasdaqadbe,1,Down
bought,6,Down
equifax,2,Down
nyseefx,2,Down
kovack,1,Down
aerospace,1,Down
defense,1,Down
nysearcappa,1,Down
isaac,1,Down
nysefico,1,Down
vernova,1,Down
nysegev,1,Down
eversource,1,Down
nysees,1,Down
honeywell,1,Down
nasdaqhon,1,Down
sei,2,Down
nasdaqseic,2,Down
fiserv,2,Down
nysefi,2,Down
wedbush,1,Down
multisector,1,Down
income,1,Down
nysearcacgms,1,Down
phoenix,5,Down
barrick,1,Down
mining,1,Down
nyseb,1,Down
bank,2,Down
montreal,1,Down
nysebmo,1,Down
machina,2,Down
marvell,1,Down
nasdaqmrvl,1,Down
tmobile,2,Down
nasdaqtmus,2,Down
global,1,Down
tech,1,Down
nysearcaixn,1,Down
eafe,2,Down
nysearcaefa,1,Down
largecap,1,Down
nysearcaschx,1,Down
walt,1,Down
disney,1,Down
nysedis,1,Down
workday,1,Down
nasdaqwday,1,Down
dover,1,Down
nysedov,1,Down
comcast,1,Down
nasdaqcmcsa,1,Down
express,2,Down
nyseaxp,2,Down
synopsys,2,Down
nasdaqsnps,2,Down
nysearcaiwf,2,Down
power,2,Down
nasdaqaep,2,Down
nysearcavbk,1,Down
bzdok,1,Down
pinnacle,1,Down
nysearcaiwp,1,Down
democrat,1,Down
look,2,Down
copy,1,Down
late,1,Down
sex,1,Down
offender,1,Down
jeffrey,1,Down
birthday,1,Down
astronomer,1,Down
hire,1,Down
gwyneth,1,Down
paltrow,1,Down
temporary,1,Down
spokesperson,1,Down
kiss,1,Down
cam,1,Down
drama,1,Down
child,46,Down
weighed,46,Down
born,46,Down
watch,1,Down
employed,1,Down
coldplay,1,Down
cheater,1,Down
run,1,Down
absolute,1,Down
clinic,1,Down
damage,1,Down
youth,1,Down
delegate,1,Down
represent,1,Down
polk,1,Down
tennessee,1,Down
congress,2,Down
kroger,1,Down
nysekr,1,Down
clash,1,Down
promotion,1,Down
put,1,Down
hegseth,1,Down
odds,1,Down
horror,2,Down
upon,1,Down
responded,1,Down
drugpanel,1,Down
resigned,1,Down
lament,1,Down
ignoring,1,Down
advice,1,Down
role,1,Down
politics,1,Down
eaton,1,Down
nyseetn,1,Down
cdw,1,Down
nasdaqcdw,1,Down
boosted,1,Down
eog,1,Down
resource,1,Down
nyseeog,1,Down
woman,9,Down
legislature,9,Down
across,9,Down
fight,9,Down
potty,9,Down
parity,9,Down
donald,1,Down
japan,1,Down
invest,1,Down
direction,1,Down
sure,1,Down
forum,1,Down
case,1,Down
dont,1,Down
away,1,Down
vision,1,Down
calamitous,1,Down
consequence,1,Down
quentin,1,Down
carnell,1,Down
tackle,1,Down
heart,1,Down
valve,1,Down
disease,1,Down
booking,1,Down
nasdaqbkng,1,Down
omnicom,1,Down
nyseomc,1,Down
analyst,12,Down
ending,12,Down
digital,12,Down
tax,12,Down
strict,12,Down
must,12,Down
backtoschool,1,Down
sale,1,Down
airpods,1,Down
ipads,1,Down
macbooks,1,Down
source,1,Down
insightful,1,Down
analysis,1,Down
bedel,2,Down
consulting,2,Down
total,1,Down
nysearcavti,1,Down
nisource,1,Down
nyseni,1,Down
spectrum,5,Down
kapitalo,7,Down
investimentos,7,Down
ltda,7,Down
flower,1,Down
food,1,Down
nyseflo,1,Down
verizon,1,Down
communication,1,Down
nysevz,1,Down
nysearcaiwd,1,Down
batsefg,1,Down
hess,1,Down
nysehes,1,Down
exelon,1,Down
nasdaqexc,1,Down
fox,1,Down
nasdaqfoxa,1,Down
nrg,1,Down
nysenrg,1,Down
pacer,1,Down
cash,1,Down
cow,1,Down
batscowz,1,Down
taiwan,1,Down
semiconductor,1,Down
nysetsm,1,Down
tool,1,Down
work,1,Down
nyseitw,1,Down
regency,1,Down
center,1,Down
nasdaqreg,1,Down
set,1,Down
eartha,1,Down
assessment,1,Down
help,1,Down
save,1,Down
charge,1,Down
unplugged,1,Down
cord,1,Down
paris,1,Down
vega,1,Down
tiny,1,Down
print,1,Down
fee,1,Down
sum,1,Down
visitor,1,Down
fleeing,1,Down
view,1,Down
wing,1,Down
nextera,1,Down
nysenee,1,Down
mrp,1,Down
advantage,1,Down
smid,1,Down
cap,1,Down
rising,1,Down
achiever,1,Down
nasdaqsdvy,1,Down
stolen,1,Down
branch,1,Down
german,1,Down
insurer,1,Down
allianz,1,Down
carmax,1,Down
nysekmx,1,Down
assetmark,1,Down
urgent,1,Down
recall,1,Down
popular,1,Down
cheeseburger,1,Down
trigger,1,Down
lifethreatening,1,Down
allergic,1,Down
reaction,1,Down
bay,1,Down
otcmktsbayk,1,Down
renasant,1,Down
nasdaqrnst,1,Down
critical,1,Down
contrast,1,Down
intellus,4,Down
reduces,1,Down
raymond,1,Down
james,1,Down
nyserjf,1,Down
applied,1,Down
cardinal,1,Down
health,1,Down
nysecah,1,Down
otis,1,Down
worldwide,1,Down
nyseotis,1,Down
empirical,3,Down
nasdaqtsla,1,Down
paccar,1,Down
nasdaqpcar,1,Down
receives,1,Down
average,1,Down
recommendation,1,Down
moderate,1,Down
brokerage,1,Down
silver,1,Down
nysearcaslv,1,Down
servicenow,1,Down
nysenow,1,Down
soda,24,Down
sweetener,24,Down
sugar,24,Down
coke,24,Down
weatherresistant,1,Down
deck,1,Down
box,1,Down
storage,1,Down
space,1,Down
impressive,1,Down
accretive,1,Down
shell,1,Down
unsponsored,1,Down
nyseshel,1,Down
ark,3,Down
ptc,1,Down
nasdaqptc,1,Down
delta,1,Down
air,1,Down
line,1,Down
nysedal,1,Down
faro,1,Down
nasdaqfaro,1,Down
nano,1,Down
dimension,1,Down
nasdaqnndm,1,Down
fidelity,1,Down
national,1,Down
infor,1,Down
